"","pub","pub_id","authors","year","type","language","peer_review","hypothesis","n","n_male","n_female","mean_age","sd_age","country","class","school_type","selective","selective_type","mean_int","sd_int","interest_type","interest_instrument","interest_items","interest_reliability","interest_domain_specific","interest_subject","achievement_type","achievement_instrument","achievement_items","achievement_reliability","achievement_domain_specific","achievement_subject","n_measurements","distance","analysis_type","result","r","database","comment"
"1","Köller, O., Baumert, J., & Schnabel, K. (2001). Does interest matter? The relationship between academic interest and achievement in mathematics. Journal for Research in Mathematics Education, 32(5), 448–470. https://doi.org/10.2307/749801","N/A","Köller, Baumert & Schnabel","2001","1","1","1","Unter welchen Bedingungen trägt das (akademische) Interesse zur Vorhersage des Lernverhaltens im Schulfach Mathematik bei?",602,"358","244","N/A","N/A","1",7,"2","0","N/A","N/A","N/A","3","N/A","5","0.86","1","Mathematik","2","First International Mathematics Study (vgl. Burnstein, 1992; Husèn, 1967; Roitaille & Garden, 1989), Second International Mathematics Study (vgl. Burnstein, 1992; Husèn, 1967; Roitaille & Garden, 1989, Third International Mathematics and Science Study (vgl. Mullis et al., 1998), Investigation by the Max Planck Institute for Human Development (vgl. Baumert, Roeder, Sang, & Schmitz, 1986)","36",">.75","1","Mathematik","1","0","1, 4","LeistungKlasse 7 + InteresseKlasse 7: r=.20*",0.2,"N/A","Daten wurden im Rahmen der Längsschnittstudie ""Bildungsverläufe und psychosoziale Entwicklung im Jugend- und jungen Erwachsenenalter"" (BIJU) erhoben"
"2","Köller, O., Baumert, J., & Schnabel, K. (2001). Does interest matter? The relationship between academic interest and achievement in mathematics. Journal for Research in Mathematics Education, 32(5), 448–470. https://doi.org/10.2307/749801","N/A","Köller, Baumert & Schnabel","2001","1","1","1","Unter welchen Bedingungen trägt das (akademische) Interesse zur Vorhersage des Lernverhaltens im Schulfach Mathematik bei?",602,"358","244","N/A","N/A","1",10,"2","0","N/A","N/A","N/A","3","N/A","5","0.83","1","Mathematik","2","First International Mathematics Study (vgl. Burnstein, 1992; Husèn, 1967; Roitaille & Garden, 1989), Second International Mathematics Study (vgl. Burnstein, 1992; Husèn, 1967; Roitaille & Garden, 1989, Third International Mathematics and Science Study (vgl. Mullis et al., 1998), Investigation by the Max Planck Institute for Human Development (vgl. Baumert, Roeder, Sang, & Schmitz, 1986)","30",">.75","1","Mathematik","1","0","1, 4","LeistungKlasse 10 + InteresseKlasse 10: r=.31*",0.31,"N/A","Daten wurden im Rahmen der Längsschnittstudie ""Bildungsverläufe und psychosoziale Entwicklung im Jugend- und jungen Erwachsenenalter"" (BIJU) erhoben"
"3","Köller, O., Baumert, J., & Schnabel, K. (2001). Does interest matter? The relationship between academic interest and achievement in mathematics. Journal for Research in Mathematics Education, 32(5), 448–470. https://doi.org/10.2307/749801","N/A","Köller, Baumert & Schnabel","2001","1","1","1","Unter welchen Bedingungen trägt das (akademische) Interesse zur Vorhersage des Lernverhaltens im Schulfach Mathematik bei?",602,"358","244","N/A","N/A","1",12,"2","0","N/A","N/A","N/A","3","N/A","5","0.85","1","Mathematik","2","First International Mathematics Study (vgl. Burnstein, 1992; Husèn, 1967; Roitaille & Garden, 1989), Second International Mathematics Study (vgl. Burnstein, 1992; Husèn, 1967; Roitaille & Garden, 1989, Third International Mathematics and Science Study (vgl. Mullis et al., 1998), Investigation by the Max Planck Institute for Human Development (vgl. Baumert, Roeder, Sang, & Schmitz, 1986)","25",">.75","1","Mathematik","1","0","1, 4","LeistungKlasse 12 + InteresseKlasse 12: r=.41**",0.41,"N/A","Daten wurden im Rahmen der Längsschnittstudie ""Bildungsverläufe und psychosoziale Entwicklung im Jugend- und jungen Erwachsenenalter"" (BIJU) erhoben"
"4","Köller, O., Baumert, J., & Schnabel, K. (2001). Does interest matter? The relationship between academic interest and achievement in mathematics. Journal for Research in Mathematics Education, 32(5), 448–470. https://doi.org/10.2307/749801","N/A","Köller, Baumert & Schnabel","2001","1","1","1","Unter welchen Bedingungen trägt das (akademische) Interesse zur Vorhersage des Lernverhaltens im Schulfach Mathematik bei?",602,"358","244","N/A","N/A","1",8.5,"2","0","N/A","N/A","N/A","3","N/A","5","0.83","1","Mathematik","2","First International Mathematics Study (vgl. Burnstein, 1992; Husèn, 1967; Roitaille & Garden, 1989), Second International Mathematics Study (vgl. Burnstein, 1992; Husèn, 1967; Roitaille & Garden, 1989, Third International Mathematics and Science Study (vgl. Mullis et al., 1998), Investigation by the Max Planck Institute for Human Development (vgl. Baumert, Roeder, Sang, & Schmitz, 1986)","36",">.75","1","Mathematik","2","36","1, 4","LeistungKlasse 7 + InteresseKlasse 10: r=.29**",0.29,"N/A","Daten wurden im Rahmen der Längsschnittstudie ""Bildungsverläufe und psychosoziale Entwicklung im Jugend- und jungen Erwachsenenalter"" (BIJU) erhoben"
"5","Köller, O., Baumert, J., & Schnabel, K. (2001). Does interest matter? The relationship between academic interest and achievement in mathematics. Journal for Research in Mathematics Education, 32(5), 448–470. https://doi.org/10.2307/749801","N/A","Köller, Baumert & Schnabel","2001","1","1","1","Unter welchen Bedingungen trägt das (akademische) Interesse zur Vorhersage des Lernverhaltens im Schulfach Mathematik bei?",602,"358","244","N/A","N/A","1",9.5,"2","0","N/A","N/A","N/A","3","N/A","5","Klasse 7: α=.86, Klasse 12: α=.85","1","Mathematik","2","First International Mathematics Study (vgl. Burnstein, 1992; Husèn, 1967; Roitaille & Garden, 1989), Second International Mathematics Study (vgl. Burnstein, 1992; Husèn, 1967; Roitaille & Garden, 1989, Third International Mathematics and Science Study (vgl. Mullis et al., 1998), Investigation by the Max Planck Institute for Human Development (vgl. Baumert, Roeder, Sang, & Schmitz, 1986)","Klasse 7: 36, Klasse 12: 25","Klasse 7: α>.75, Klasse 12: α>.75","1","Mathematik","2","54","1, 4","LeistungKlasse 7 + InteresseKlasse 12: r=.20*",0.2,"N/A","Daten wurden im Rahmen der Längsschnittstudie ""Bildungsverläufe und psychosoziale Entwicklung im Jugend- und jungen Erwachsenenalter"" (BIJU) erhoben"
"6","Köller, O., Baumert, J., & Schnabel, K. (2001). Does interest matter? The relationship between academic interest and achievement in mathematics. Journal for Research in Mathematics Education, 32(5), 448–470. https://doi.org/10.2307/749801","N/A","Köller, Baumert & Schnabel","2001","1","1","1","Unter welchen Bedingungen trägt das (akademische) Interesse zur Vorhersage des Lernverhaltens im Schulfach Mathematik bei?",602,"358","244","N/A","N/A","1",8.5,"2","0","N/A","N/A","N/A","3","N/A","5","Klasse 7: α=.86, Klasse 10:  α=.83","1","Mathematik","2","First International Mathematics Study (vgl. Burnstein, 1992; Husèn, 1967; Roitaille & Garden, 1989), Second International Mathematics Study (vgl. Burnstein, 1992; Husèn, 1967; Roitaille & Garden, 1989, Third International Mathematics and Science Study (vgl. Mullis et al., 1998), Investigation by the Max Planck Institute for Human Development (vgl. Baumert, Roeder, Sang, & Schmitz, 1986)","Klasse 7: 36, Klasse 10: 30","Klasse 7: α>.75, Klasse 10: α>.75","1","Mathematik","2","36","1, 4","LeistungKlasse 10 + InteresseKlasse 7: r=.20*",0.2,"N/A","Daten wurden im Rahmen der Längsschnittstudie ""Bildungsverläufe und psychosoziale Entwicklung im Jugend- und jungen Erwachsenenalter"" (BIJU) erhoben"
"7","Köller, O., Baumert, J., & Schnabel, K. (2001). Does interest matter? The relationship between academic interest and achievement in mathematics. Journal for Research in Mathematics Education, 32(5), 448–470. https://doi.org/10.2307/749801","N/A","Köller, Baumert & Schnabel","2001","1","1","1","Unter welchen Bedingungen trägt das (akademische) Interesse zur Vorhersage des Lernverhaltens im Schulfach Mathematik bei?",602,"358","244","N/A","N/A","1",11,"2","0","N/A","N/A","N/A","3","N/A","5","0.85","1","Mathematik","2","First International Mathematics Study (vgl. Burnstein, 1992; Husèn, 1967; Roitaille & Garden, 1989), Second International Mathematics Study (vgl. Burnstein, 1992; Husèn, 1967; Roitaille & Garden, 1989, Third International Mathematics and Science Study (vgl. Mullis et al., 1998), Investigation by the Max Planck Institute for Human Development (vgl. Baumert, Roeder, Sang, & Schmitz, 1986)","30",">.75","1","Mathematik","2","18","1, 4","LeistungKlasse 10 + InteresseKlasse 12: r=.25**",0.25,"N/A","Daten wurden im Rahmen der Längsschnittstudie ""Bildungsverläufe und psychosoziale Entwicklung im Jugend- und jungen Erwachsenenalter"" (BIJU) erhoben"
"8","Köller, O., Baumert, J., & Schnabel, K. (2001). Does interest matter? The relationship between academic interest and achievement in mathematics. Journal for Research in Mathematics Education, 32(5), 448–470. https://doi.org/10.2307/749801","N/A","Köller, Baumert & Schnabel","2001","1","1","1","Unter welchen Bedingungen trägt das (akademische) Interesse zur Vorhersage des Lernverhaltens im Schulfach Mathematik bei?",602,"358","244","N/A","N/A","1",9.5,"2","0","N/A","N/A","N/A","3","N/A","5","0.86","1","Mathematik","2","First International Mathematics Study (vgl. Burnstein, 1992; Husèn, 1967; Roitaille & Garden, 1989), Second International Mathematics Study (vgl. Burnstein, 1992; Husèn, 1967; Roitaille & Garden, 1989, Third International Mathematics and Science Study (vgl. Mullis et al., 1998), Investigation by the Max Planck Institute for Human Development (vgl. Baumert, Roeder, Sang, & Schmitz, 1986)","25",">.75","1","Mathematik","2","54","1, 4","LeistungKlasse 12 + InteresseKlasse 7: r=.26**",0.26,"N/A","Daten wurden im Rahmen der Längsschnittstudie ""Bildungsverläufe und psychosoziale Entwicklung im Jugend- und jungen Erwachsenenalter"" (BIJU) erhoben"
"9","Köller, O., Baumert, J., & Schnabel, K. (2001). Does interest matter? The relationship between academic interest and achievement in mathematics. Journal for Research in Mathematics Education, 32(5), 448–470. https://doi.org/10.2307/749801","N/A","Köller, Baumert & Schnabel","2001","1","1","1","Unter welchen Bedingungen trägt das (akademische) Interesse zur Vorhersage des Lernverhaltens im Schulfach Mathematik bei?",602,"358","244","N/A","N/A","1",11,"2","0","N/A","N/A","N/A","3","N/A","5","0.83","1","Mathematik","2","First International Mathematics Study (vgl. Burnstein, 1992; Husèn, 1967; Roitaille & Garden, 1989), Second International Mathematics Study (vgl. Burnstein, 1992; Husèn, 1967; Roitaille & Garden, 1989, Third International Mathematics and Science Study (vgl. Mullis et al., 1998), Investigation by the Max Planck Institute for Human Development (vgl. Baumert, Roeder, Sang, & Schmitz, 1986)","25",">.75","1","Mathematik","2","18","1, 4","LeistungKlasse 12 + InteresseKlasse 10: r=.41**",0.41,"N/A","Daten wurden im Rahmen der Längsschnittstudie ""Bildungsverläufe und psychosoziale Entwicklung im Jugend- und jungen Erwachsenenalter"" (BIJU) erhoben"
"10","Jansen, M., Lüdtke, O., & Schroeders, U. (2016). Evidence for a positive relation between interest and achievement: Examining between-person and within-person variation in five domains. Contemporary Educational Psychology, 46, 116–127. https://doi.org/10.1016/j.cedpsych.2016.05.004","N/A","Jansen, Lüdtke & Schroeders","2016","1","1","1","Wie sieht der Zusammenhang von Interesse und akademischer Leistung aus? Trägt Interesse zur Vorhersage von Leistung über die Intelligenz und weitere Hintergrundvariablen hinaus bei? Wie sieht der Zusammenhang in unterschiedlichen Domänen aus? Ist der Zusammenhang für Noten stärker als für Testleistungen?",39192,"19322","19870","15.94","0.71","1",9,"2 (37%), 3 (24.6%), 4 (12.2%), 5 (26.2%)","0","N/A","N/A","N/A","3","Nationaler Fragebogen der PISA-Studien","4","0.88","1","Deutsch","1","Halbjahresnote","N/A","N/A","1","Deutsch","1","N/A","1, 2","InteresseDeutsch + NoteDeutsch: r=.21*",0.21,"1, 4, 5","Noten wurden rekodiert, sodass höhere Werte eine höhere Leistung implizieren"
"11","Jansen, M., Lüdtke, O., & Schroeders, U. (2016). Evidence for a positive relation between interest and achievement: Examining between-person and within-person variation in five domains. Contemporary Educational Psychology, 46, 116–127. https://doi.org/10.1016/j.cedpsych.2016.05.004","N/A","Jansen, Lüdtke & Schroeders","2016","1","1","1","Wie sieht der Zusammenhang von Interesse und akademischer Leistung aus? Trägt Interesse zur Vorhersage von Leistung über die Intelligenz und weitere Hintergrundvariablen hinaus bei? Wie sieht der Zusammenhang in unterschiedlichen Domänen aus? Ist der Zusammenhang für Noten stärker als für Testleistungen?",39192,"19322","19870","15.94","0.71","1",9,"2 (37%), 3 (24.6%), 4 (12.2%), 5 (26.2%)","0","N/A","N/A","N/A","3","Nationaler Fragebogen der PISA-Studien","4","0.88","1","Deutsch","2","2 c-Tests (Klein-Braley, 1985; Klein-Braley & Raatz, 1984)","N/A","WLE=.88","1","Deutsch","1","N/A","1, 2","InteresseDeutsch + TestDeutsch: r=.02",0.02,"1, 4, 5","Noten wurden rekodiert, sodass höhere Werte eine höhere Leistung implizieren"
"12","Jansen, M., Lüdtke, O., & Schroeders, U. (2016). Evidence for a positive relation between interest and achievement: Examining between-person and within-person variation in five domains. Contemporary Educational Psychology, 46, 116–127. https://doi.org/10.1016/j.cedpsych.2016.05.004","N/A","Jansen, Lüdtke & Schroeders","2016","1","1","1","Wie sieht der Zusammenhang von Interesse und akademischer Leistung aus? Trägt Interesse zur Vorhersage von Leistung über die Intelligenz und weitere Hintergrundvariablen hinaus bei? Wie sieht der Zusammenhang in unterschiedlichen Domänen aus? Ist der Zusammenhang für Noten stärker als für Testleistungen?",39192,"19322","19870","15.94","0.71","1",9,"2 (37%), 3 (24.6%), 4 (12.2%), 5 (26.2%)","0","N/A","N/A","N/A","3","Nationaler Fragebogen der PISA-Studien","4","0.91","1","Mathematik","1","Halbjahresnote","N/A","N/A","1","Mathematik","1","N/A","1, 2","InteresseMathematik + NoteMathematik: r=.38*",0.38,"1, 4, 5","Noten wurden rekodiert, sodass höhere Werte eine höhere Leistung implizieren"
"13","Jansen, M., Lüdtke, O., & Schroeders, U. (2016). Evidence for a positive relation between interest and achievement: Examining between-person and within-person variation in five domains. Contemporary Educational Psychology, 46, 116–127. https://doi.org/10.1016/j.cedpsych.2016.05.004","N/A","Jansen, Lüdtke & Schroeders","2016","1","1","1","Wie sieht der Zusammenhang von Interesse und akademischer Leistung aus? Trägt Interesse zur Vorhersage von Leistung über die Intelligenz und weitere Hintergrundvariablen hinaus bei? Wie sieht der Zusammenhang in unterschiedlichen Domänen aus? Ist der Zusammenhang für Noten stärker als für Testleistungen?",39192,"19322","19870","15.94","0.71","1",9,"2 (37%), 3 (24.6%), 4 (12.2%), 5 (26.2%)","0","N/A","N/A","N/A","3","Nationaler Fragebogen der PISA-Studien","4","0.91","1","Mathematik","2","eigens konstruierter Test nach den deutschen Bildungsstandards (vgl. Pant et al., 2013)","374","WLE=.91","1","Mathematik","1","N/A","1, 2","InteresseMathematik + TestMathematik: r=.19*",0.19,"1, 4, 5","Noten wurden rekodiert, sodass höhere Werte eine höhere Leistung implizieren"
"14","Jansen, M., Lüdtke, O., & Schroeders, U. (2016). Evidence for a positive relation between interest and achievement: Examining between-person and within-person variation in five domains. Contemporary Educational Psychology, 46, 116–127. https://doi.org/10.1016/j.cedpsych.2016.05.004","N/A","Jansen, Lüdtke & Schroeders","2016","1","1","1","Wie sieht der Zusammenhang von Interesse und akademischer Leistung aus? Trägt Interesse zur Vorhersage von Leistung über die Intelligenz und weitere Hintergrundvariablen hinaus bei? Wie sieht der Zusammenhang in unterschiedlichen Domänen aus? Ist der Zusammenhang für Noten stärker als für Testleistungen?",39192,"19322","19870","15.94","0.71","1",9,"2 (37%), 3 (24.6%), 4 (12.2%), 5 (26.2%)","0","N/A","N/A","N/A","3","Nationaler Fragebogen der PISA-Studien","4","0.91","1","Biologie","1","Halbjahresnote","N/A","N/A","1","Biologie","1","N/A","1, 2","InteresseBiologie + NoteBiologie: r=.27*",0.27,"1, 4, 5","Noten wurden rekodiert, sodass höhere Werte eine höhere Leistung implizieren"
"15","Jansen, M., Lüdtke, O., & Schroeders, U. (2016). Evidence for a positive relation between interest and achievement: Examining between-person and within-person variation in five domains. Contemporary Educational Psychology, 46, 116–127. https://doi.org/10.1016/j.cedpsych.2016.05.004","N/A","Jansen, Lüdtke & Schroeders","2016","1","1","1","Wie sieht der Zusammenhang von Interesse und akademischer Leistung aus? Trägt Interesse zur Vorhersage von Leistung über die Intelligenz und weitere Hintergrundvariablen hinaus bei? Wie sieht der Zusammenhang in unterschiedlichen Domänen aus? Ist der Zusammenhang für Noten stärker als für Testleistungen?",39192,"19322","19870","15.94","0.71","1",9,"2 (37%), 3 (24.6%), 4 (12.2%), 5 (26.2%)","0","N/A","N/A","N/A","3","Nationaler Fragebogen der PISA-Studien","4","0.91","1","Biologie","2","eigens konstruierter Test nach den deutschen Bildungsstandards (vgl. Pant et al., 2013)","118","WLE=.72","1","Biologie","1","N/A","1, 2","InteresseBiologie + TestBiologie: r=.16*",0.16,"1, 4, 5","Noten wurden rekodiert, sodass höhere Werte eine höhere Leistung implizieren"
"16","Jansen, M., Lüdtke, O., & Schroeders, U. (2016). Evidence for a positive relation between interest and achievement: Examining between-person and within-person variation in five domains. Contemporary Educational Psychology, 46, 116–127. https://doi.org/10.1016/j.cedpsych.2016.05.004","N/A","Jansen, Lüdtke & Schroeders","2016","1","1","1","Wie sieht der Zusammenhang von Interesse und akademischer Leistung aus? Trägt Interesse zur Vorhersage von Leistung über die Intelligenz und weitere Hintergrundvariablen hinaus bei? Wie sieht der Zusammenhang in unterschiedlichen Domänen aus? Ist der Zusammenhang für Noten stärker als für Testleistungen?",39192,"19322","19870","15.94","0.71","1",9,"2 (37%), 3 (24.6%), 4 (12.2%), 5 (26.2%)","0","N/A","N/A","N/A","3","Nationaler Fragebogen der PISA-Studien","4","0.92","1","Chemie","1","Halbjahresnote","N/A","N/A","1","Chemie","1","N/A","1, 2","InteresseChemie + NoteChemie: r=.34*",0.34,"1, 4, 5","Noten wurden rekodiert, sodass höhere Werte eine höhere Leistung implizieren"
"17","Jansen, M., Lüdtke, O., & Schroeders, U. (2016). Evidence for a positive relation between interest and achievement: Examining between-person and within-person variation in five domains. Contemporary Educational Psychology, 46, 116–127. https://doi.org/10.1016/j.cedpsych.2016.05.004","N/A","Jansen, Lüdtke & Schroeders","2016","1","1","1","Wie sieht der Zusammenhang von Interesse und akademischer Leistung aus? Trägt Interesse zur Vorhersage von Leistung über die Intelligenz und weitere Hintergrundvariablen hinaus bei? Wie sieht der Zusammenhang in unterschiedlichen Domänen aus? Ist der Zusammenhang für Noten stärker als für Testleistungen?",39192,"19322","19870","15.94","0.71","1",9,"2 (37%), 3 (24.6%), 4 (12.2%), 5 (26.2%)","0","N/A","N/A","N/A","3","Nationaler Fragebogen der PISA-Studien","4","0.92","1","Chemie","2","eigens konstruierter Test nach den deutschen Bildungsstandards (vgl. Pant et al., 2013)","Chemie: 134","WLE=.78","1","Chemie","1","N/A","1, 2","InteresseChemie + TestChemie: r=.16*",0.16,"1, 4, 5","Noten wurden rekodiert, sodass höhere Werte eine höhere Leistung implizieren"
"18","Jansen, M., Lüdtke, O., & Schroeders, U. (2016). Evidence for a positive relation between interest and achievement: Examining between-person and within-person variation in five domains. Contemporary Educational Psychology, 46, 116–127. https://doi.org/10.1016/j.cedpsych.2016.05.004","N/A","Jansen, Lüdtke & Schroeders","2016","1","1","1","Wie sieht der Zusammenhang von Interesse und akademischer Leistung aus? Trägt Interesse zur Vorhersage von Leistung über die Intelligenz und weitere Hintergrundvariablen hinaus bei? Wie sieht der Zusammenhang in unterschiedlichen Domänen aus? Ist der Zusammenhang für Noten stärker als für Testleistungen?",39192,"19322","19870","15.94","0.71","1",9,"2 (37%), 3 (24.6%), 4 (12.2%), 5 (26.2%)","0","N/A","N/A","N/A","3","Nationaler Fragebogen der PISA-Studien","4","0.93","1","Physik","1","Halbjahresnote","N/A","N/A","1","Physik","1","N/A","1, 2","InteressePhysik + NotePhysik: r=.32*",0.32,"1, 4, 5","Noten wurden rekodiert, sodass höhere Werte eine höhere Leistung implizieren"
"19","Jansen, M., Lüdtke, O., & Schroeders, U. (2016). Evidence for a positive relation between interest and achievement: Examining between-person and within-person variation in five domains. Contemporary Educational Psychology, 46, 116–127. https://doi.org/10.1016/j.cedpsych.2016.05.004","N/A","Jansen, Lüdtke & Schroeders","2016","1","1","1","Wie sieht der Zusammenhang von Interesse und akademischer Leistung aus? Trägt Interesse zur Vorhersage von Leistung über die Intelligenz und weitere Hintergrundvariablen hinaus bei? Wie sieht der Zusammenhang in unterschiedlichen Domänen aus? Ist der Zusammenhang für Noten stärker als für Testleistungen?",39192,"19322","19870","15.94","0.71","1",9,"2 (37%), 3 (24.6%), 4 (12.2%), 5 (26.2%)","0","N/A","N/A","N/A","3","Nationaler Fragebogen der PISA-Studien","4","0.93","1","Physik","2","eigens konstruierter Test nach den deutschen Bildungsstandards (vgl. Pant et al., 2013)","134","WLE=.77","1","Physik","1","N/A","1, 2","InteressePhysik + TestPhysik: r=.15*",0.15,"1, 4, 5","Noten wurden rekodiert, sodass höhere Werte eine höhere Leistung implizieren"
"20","Steinmayr, R., Weidinger, A. F., & Wigfield, A. (2018). Does students’ grit predict their school achievement above and beyond their personality, motivation, and engagement?. Contemporary Educational Psychology, 53, 106-122.","492 - Studie 1","Steinmayr, Weidinger, Wigfield","2018","1","1","1","How strongly do the two grit components, personality traits, motivational beliefs and interest, and engagement relate to one another? How strongly are students’ grit and the other variables related to students’ overall GPA, as well as their grades in German and math? What is the relative importance of each grit component for GPA, math and German grades when including all other predictors simultaneously in the analytic models (consistency of interests and perseverance of effort, Big Five personality traits, domain-specific expectancies for success, domain-specific self-efficacy, domain-specific achievement values, and school engagement)? Does the relative importance of the grit components change when previous performance is added to the model?",225,"133","92 (91)",NA,NA,"1",10,"2","0","N/A","N/A","N/A","2","SESSW; Subjective achievement value scale; Steinmayr & Spinath, 2010, (Intrinsic values: “I like school/math/German,” “I enjoy doing things in school/math/German,” and “I find school in general/math/German interesting”; Utility: “How useful is what you learn in school/math/German in general?”, “School/math/German will be useful in my future,” “The things I learn in school/math/German will be of use in my future life”; Personal importance: “Being good at school/math/German is important to me,” “To be good at school/math/German means a lot to me,” “Attainment in school/math/German is important to me”).","9","0.94","1","Mathematik","1","self-reported grades in German and math as well as overall grade point average (GPA) from the last report card they received, which would have been the report card at the end of Grade 9 and the end of Grade 10","1 Item pro Fach (1 Note)","N/A","1","Mathematik","2","15","1.2","Mathenote t0 und Value Mathe  r=.50",0.5,"1,3,4,5",NA
"21","Steinmayr, R., Weidinger, A. F., & Wigfield, A. (2018). Does students’ grit predict their school achievement above and beyond their personality, motivation, and engagement?. Contemporary Educational Psychology, 53, 106-122.","492 - Studie 1","Steinmayr, Weidinger, Wigfield","2018","1","1","1","How strongly do the two grit components, personality traits, motivational beliefs and interest, and engagement relate to one another? How strongly are students’ grit and the other variables related to students’ overall GPA, as well as their grades in German and math? What is the relative importance of each grit component for GPA, math and German grades when including all other predictors simultaneously in the analytic models (consistency of interests and perseverance of effort, Big Five personality traits, domain-specific expectancies for success, domain-specific self-efficacy, domain-specific achievement values, and school engagement)? Does the relative importance of the grit components change when previous performance is added to the model?",225,"133","92 (91)","16.45","0.63","1",11,"2","0","N/A","N/A","N/A","2","SESSW; Subjective achievement value scale; Steinmayr & Spinath, 2010, (Intrinsic values: “I like school/math/German,” “I enjoy doing things in school/math/German,” and “I find school in general/math/German interesting”; Utility: “How useful is what you learn in school/math/German in general?”, “School/math/German will be useful in my future,” “The things I learn in school/math/German will be of use in my future life”; Personal importance: “Being good at school/math/German is important to me,” “To be good at school/math/German means a lot to me,” “Attainment in school/math/German is important to me”).","9","0.94","1","Mathematik","1","self-reported grades in German and math as well as overall grade point average (GPA) from the last report card they received, which would have been the report card at the end of Grade 9 and the end of Grade 10","1 Item pro Fach (1 Note)","1.02","1","Mathematik","1","N/A","1.2","Mathenote t1 und Value Mathe r=.55",0.55,"1,3,4,5",NA
"22","Steinmayr, R., Weidinger, A. F., & Wigfield, A. (2018). Does students’ grit predict their school achievement above and beyond their personality, motivation, and engagement?. Contemporary Educational Psychology, 53, 106-122.","492 - Studie 1","Steinmayr, Weidinger, Wigfield","2018","1","1","1","How strongly do the two grit components, personality traits, motivational beliefs and interest, and engagement relate to one another? How strongly are students’ grit and the other variables related to students’ overall GPA, as well as their grades in German and math? What is the relative importance of each grit component for GPA, math and German grades when including all other predictors simultaneously in the analytic models (consistency of interests and perseverance of effort, Big Five personality traits, domain-specific expectancies for success, domain-specific self-efficacy, domain-specific achievement values, and school engagement)? Does the relative importance of the grit components change when previous performance is added to the model?",225,"133","92 (91)",NA,NA,"1",10,"2","0","N/A","N/A","N/A","2","SESSW; Subjective achievement value scale; Steinmayr & Spinath, 2010, (Intrinsic values: “I like school/math/German,” “I enjoy doing things in school/math/German,” and “I find school in general/math/German interesting”; Utility: “How useful is what you learn in school/math/German in general?”, “School/math/German will be useful in my future,” “The things I learn in school/math/German will be of use in my future life”; Personal importance: “Being good at school/math/German is important to me,” “To be good at school/math/German means a lot to me,” “Attainment in school/math/German is important to me”).","9","0.9","1","Deutsch","1","self-reported grades in German and math as well as overall grade point average (GPA) from the last report card they received, which would have been the report card at the end of Grade 9 and the end of Grade 10","1 Item pro Fach (1 Note)","N/A","1","Deutsch","2","15","1.2","Deutschnote t0 und Value Deutsch r=.40",0.4,"1,3,4,5",NA
"23","Steinmayr, R., Weidinger, A. F., & Wigfield, A. (2018). Does students’ grit predict their school achievement above and beyond their personality, motivation, and engagement?. Contemporary Educational Psychology, 53, 106-122.","492 - Studie 1","Steinmayr, Weidinger, Wigfield","2018","1","1","1","How strongly do the two grit components, personality traits, motivational beliefs and interest, and engagement relate to one another? How strongly are students’ grit and the other variables related to students’ overall GPA, as well as their grades in German and math? What is the relative importance of each grit component for GPA, math and German grades when including all other predictors simultaneously in the analytic models (consistency of interests and perseverance of effort, Big Five personality traits, domain-specific expectancies for success, domain-specific self-efficacy, domain-specific achievement values, and school engagement)? Does the relative importance of the grit components change when previous performance is added to the model?",225,"133","92 (91)","16.45","0.63","1",11,"2","0","N/A","N/A","N/A","2","SESSW; Subjective achievement value scale; Steinmayr & Spinath, 2010, (Intrinsic values: “I like school/math/German,” “I enjoy doing things in school/math/German,” and “I find school in general/math/German interesting”; Utility: “How useful is what you learn in school/math/German in general?”, “School/math/German will be useful in my future,” “The things I learn in school/math/German will be of use in my future life”; Personal importance: “Being good at school/math/German is important to me,” “To be good at school/math/German means a lot to me,” “Attainment in school/math/German is important to me”).","9","0.9","1","Deutsch","1","self-reported grades in German and math as well as overall grade point average (GPA) from the last report card they received, which would have been the report card at the end of Grade 9 and the end of Grade 10","1 Item pro Fach (1 Note)","0.85","1","Deutsch","1","N/A","1.2","Deutschnote t1 und Value Deutsch r=.39",0.49,"1,3,4,5",NA
"24","Steinmayr, R., Weidinger, A. F., & Wigfield, A. (2018). Does students’ grit predict their school achievement above and beyond their personality, motivation, and engagement?. Contemporary Educational Psychology, 53, 106-122.","492 - Studie 2","Steinmayr, Weidinger, Wigfield","2018","1","1","1","How strongly do the two grit components, personality traits, motivational beliefs and interest, and engagement relate to one another? How strongly are students’ grit and the other variables related to students’ overall GPA, math grades and math test performance? What is the relative importance of each grit component for GPA, math grades, and math test performance when including all other predictors simultaneously in the analytic models (consistency of interests and perseverance of effort, conscientiousness, domain-specific ability self-concept, domain-specific self-efficacy, domain-specific interest, and school engagement)? Does the relative importance of the grit components change when intelligence is added to the model?",586,"270","316","14.01","0.83","1",8.9,"2","0","N/A","verbale Intelligenz M= 21.56, numerische Intelligenz M = 11.67","Verbale Intelligenz SD = 5.28, Numerische Intelligenz SD = 5.93","3","Programme for International Student Assessments (PISA) and the Trends in International Mathematics and Science Studies (TIMSS; Kunter et al., 2002, p. 166)","3","α = .78","1","Mathe","1","grades on their last report card at the end of 7th and 8th grade","N/A","N/A","1","Mathe","1","N/A","1,2,6","Math Grade und Math Interest: r=.24",0.24,"1,3,4,5",NA
"25","Steinmayr, R., Weidinger, A. F., & Wigfield, A. (2018). Does students’ grit predict their school achievement above and beyond their personality, motivation, and engagement?. Contemporary Educational Psychology, 53, 106-122.","492 - Studie 2","Steinmayr, Weidinger, Wigfield","2018","1","1","1","How strongly do the two grit components, personality traits, motivational beliefs and interest, and engagement relate to one another? How strongly are students’ grit and the other variables related to students’ overall GPA, math grades and math test performance? What is the relative importance of each grit component for GPA, math grades, and math test performance when including all other predictors simultaneously in the analytic models (consistency of interests and perseverance of effort, conscientiousness, domain-specific ability self-concept, domain-specific self-efficacy, domain-specific interest, and school engagement)? Does the relative importance of the grit components change when intelligence is added to the model?",586,"270","316","14.01","0.83","1",8.9,"2","0","N/A","verbale Intelligenz M= 21.56, numerische Intelligenz M = 11.67","Verbale Intelligenz SD = 5.28, Numerische Intelligenz SD = 5.93","3","Programme for International Student Assessments (PISA) and the Trends in International Mathematics and Science Studies (TIMSS; Kunter et al., 2002, p. 166)","3","α = .78","1","Mathe","1.2","items used in the standardized achievement test of the TIMSS by the IEA (International Association for the Evaluation of Educational Achievement; Baumert et al., 1998)","30","0.91","1","Mathe","1","N/A","1,2,6","Math Test und Interest: r=.08",0.08,"1,3,4,5",NA
"26","Brooks, T. (2011). Effects of single-gender middle school classes on science achievement and attitude (Doctoral dissertation, Walden University).","539","Brooks","2011","2","1","1","Welche Rolle spielt die Klassenraumkomposition (gleich oder gemixte Geschlechter)für die Leistung in und Einstellungen zu Science von Mädchen?",597,"597",NA,"N/A","N/A","2",7,"4","1","nur Mädchen","N/A","N/A","3","Test of Science Related Attitudes (Fraser, 1981)","70","α= .66 to .93","1","Science","2","Terra Nova, Third Edition Survey Science Assessment (CTB McGrawHill, 2008):  testet reading, language,
mathematics, science and social studies","25","α= .80 - .95","1","Science (Lesen, Sprache, Mathe, Science, social Studies)","1","N/A","1.3","Korrelation zwischen Attitude in Science und Terra Nova NCE Science Test r = -.106",-0.106,"1","Werte (und Leistung) nicht wirklich fachspezifisch, sondern bezogen auf den gesamten Fachbereich ""Naturwissenschaften"" erfasst wurden"
"27","Brooks, T. (2011). Effects of single-gender middle school classes on science achievement and attitude (Doctoral dissertation, Walden University).","539","Brooks","2011","2","1","1","Welche Rolle spielt die Klassenraumkomposition (gleich oder gemixte Geschlechter)für die Leistung in und Einstellungen zu Science von Mädchen?",597,"597",NA,"N/A","N/A","2",7,"4","1","nur Mädchen","N/A","N/A","3","Test of Science Related Attitudes (Fraser, 1981)","70","α= .66 to .93","1","Science","2","Terra Nova, Third Edition Survey Science Assessment (CTB McGrawHill, 2008):  testet reading, language,
mathematics, science and social studies","25","α= .80 - .95","1","Science (Lesen, Sprache, Mathe, Science, social Studies)","1","N/A","1.3","Korrelation zwischen Enjoyment of Science und Terra Nova NCE Test r = -,104 
Lessons",-0.104,"1","Werte (und Leistung) nicht wirklich fachspezifisch, sondern bezogen auf den gesamten Fachbereich ""Naturwissenschaften"" erfasst wurden"
"28","Neuenschwander, M., & Rottermann, B. (2012). Elterneinstellungen und schulische Leistungen in PISA 2006-Gruppenunabhängigkeit eines Pfadmodells in der Schweiz.","555","Neuenschwander, Rottermann","2012","1","2","1","Wie hängen der sozioökonomische Status, Schulnoten, Werte und Erwartungen der Eltern und Kindern mit den schulischen Leistungen in Naturwissenschaften von Jugendlichen zusammen?",900,"N/A","N/A","15.7 (bezieht sich auf Gesamtstichprobe von 20.000)","0.63 (bezieht sich auf Gesamtstichprobe von 20.000)","3",9,"N/A","0","N/A","N/A","N/A","2","Item: Wie wichtig ist es im Allgemeinen für dich, in den folgenden Fächern gut zu sein?","1","N/A","1","Naturwissenschaften","1","Noten am Ende des letzten Schuljahres, Mittelwert aus verschiedenen Fächern","1 Item","N/A","1","Naturwissenachaften","1","N/A","1.4","Note und Schülerwert r = 0,16 (sign.)",0.16,"3","Schweizer PISA Daten aus dem Jahr 2006, Werte (und Leistung) nicht wirklich fachspezifisch, sondern  auf den gesamten Fachbereich ""Naturwissenschaften"" bezogen erfasst, Die Korrelationen entsprechen nur teilweise den Pfadkoeffizienten"
"29","Neuenschwander, M., & Rottermann, B. (2012). Elterneinstellungen und schulische Leistungen in PISA 2006-Gruppenunabhängigkeit eines Pfadmodells in der Schweiz.","555","Neuenschwander, Rottermann","2012","1","2","1","Wie hängen der sozioökonomische Status, Schulnoten, Werte und Erwartungen der Eltern und Kindern mit den schulischen Leistungen in Naturwissenschaften von Jugendlichen zusammen?",900,"N/A","N/A","15.7 (bezieht sich auf Gesamtstichprobe von 20.000)","0.63 (bezieht sich auf Gesamtstichprobe von 20.000)","3",9,"N/A","0","N/A","N/A","N/A","2","Item: Wie wichtig ist es im Allgemeinen für dich, in den folgenden Fächern gut zu sein?","1","N/A","1","Naturwissenschaften","2","internationaler PISA Test für Naturwissenschaften","103 Items","N/A","1","Naturwissenachaften","1","N/A","1.4","Leistungstest und Schülerwert r = 0,22 (sign.)",0.22,"3","Schweizer PISA Daten aus dem Jahr 2006, Werte (und Leistung) nicht wirklich fachspezifisch, sondern  auf den gesamten Fachbereich ""Naturwissenschaften"" bezogen erfasst, Die Korrelationen entsprechen nur teilweise den Pfadkoeffizienten"
"30","Abín, A., Núñez, J. C., Rodríguez, C., Cueli, M., García, T., & Rosário, P. (2020). Predicting mathematics achievement in secondary education: The role of cognitive, motivational, and emotional variables. Frontiers in Psychology, 11, 876. https://doi.org/10.3389/fpsyg.2020.00876","1158","Abín, Núñez, Rodríguez, Cueli, García & Rosário","2020","1","1","1","Wie gut können kognitive, motivationale und emotionale Variablen  Leistungen im Fach Mathematik vorhersagen, wenn Geschlecht und Alter der Schüler*innen mit einbezogen wird?",2365,"1180","1185","N/A","N/A","3",10.5,"6","0","N/A","11.38","5.47","1","Spanische Adaption des Inventory of Attitudes Toward Mathematics (Fennema & Sherman, 1978)","8","0.77","1","Mathematik","1","N/A","N/A","N/A","1","Mathematik","2","3","1","r = 0.34",0.34,"1, 5","Hier wird anstelle von Alter mit Klassenstufen gerechnet, auch wenn in der Hypothese die Rede von Alter ist. Das Alter ist 12-16Jahre, aber weder M, noch SD wurden berichtet. Es ist aus der Studie und auch nach einer Suche mit Google nicht ersichtlich, ob nur affektives oder auch wertbezogenes Interesse erfasst wird. Hier wurde der Triarchic Intelligence Test (STAT) als Messinstrument für Intelligenz verwendet. Der Score, der hier berichtet wurde, passt aber nicht zur Skalierung anderer Intelligenztests. Vermutlich wird dieser Test anders interpretiert?"
"31","Lu, L., Weber, H. S., Spinath, F. M., & Shi, J. (2011). Predicting school achievement from cognitive and non-cognitive variables in a Chinese sample of elementary school children. Intelligence, 39(2-3), 130-140. https://doi.org/10.1016/j.intell.2011.02.002","1161","Lu, Weber, Spinath & Shi","2011","1","1","1","Sagen Arbeitsgedächtnis und Intelligenz Schulleistungen voraus? Trägt Motivation zu dieser Vorhersage, über die kognitiven Fähigkeiten hinaus, zur Vorhersage bei?",171,"N/A","N/A","N/A","N/A","3",4,"1","0","N/A","27.05","6.07","1","N/A","6","0.71","1","Mathematik","1","N/A","N/A","N/A","1","Mathematik","1","N/A","1","Mathematik: r=.19",0.19,"3, 4, 5","Intelligenz ist hier mit einer Kurzversion des Cattell's Culture Fair Test (Cattell, 1973) erfasst."
"32","Lu, L., Weber, H. S., Spinath, F. M., & Shi, J. (2011). Predicting school achievement from cognitive and non-cognitive variables in a Chinese sample of elementary school children. Intelligence, 39(2-3), 130-140. https://doi.org/10.1016/j.intell.2011.02.002","1161","Lu, Weber, Spinath & Shi","2011","1","1","1","Sagen Arbeitsgedächtnis und Intelligenz Schulleistungen voraus? Trägt Motivation zu dieser Vorhersage, über die kognitiven Fähigkeiten hinaus, zur Vorhersage bei?",171,"N/A","N/A","N/A","N/A","3",4,"1","0","N/A","27.05","6.07","1","N/A","6","0.71","1","Chinesisch","1","N/A","N/A","N/A","1","Chinesisch","1","N/A","1","Chinesisch: r=-0.01",-0.01,"3, 4, 5","Intelligenz ist hier mit einer Kurzversion des Cattell's Culture Fair Test (Cattell, 1973) erfasst."
"33","Steinmayr, R., & Spinath, B. (2007). Predicting school achievement from motivation and personality. Zeitschrift für Pädagogische Psychologie, 21(3/4), 207-216. https://doi.org/10.1024/1010-0652.21.3.207","1164","Steinmayr & Spinath","2007","1","1","1","Wie wichtig sind Motivation und Persönlichkeit, und wie wechselwirken beide, bei der Vorhersage von Schulleistung?",342,"204","138","16.94","0.71","1",11.5,"2","0","N/A","N/A","N/A","3","N/A","9","N/A","1","Mathematik","1","N/A","N/A","N/A","1","Mathematik","1","N/A","1, 2","Mathematik: r=0.59",0.59,"1, 3, 5","Hier werden beim Interesse sowohl intrisisches Interesse, als auch Wichtigkeit und Nützlichkeit in einem Summenscore erfasst. Noten wurden rekodiert, sodass höhere Werte eine höhere Leistung implizieren."
"34","Steinmayr, R., & Spinath, B. (2007). Predicting school achievement from motivation and personality. Zeitschrift für Pädagogische Psychologie, 21(3/4), 207-216. https://doi.org/10.1024/1010-0652.21.3.207","1164","Steinmayr & Spinath","2007","1","1","1","Wie wichtig sind Motivation und Persönlichkeit, und wie wechselwirken beide, bei der Vorhersage von Schulleistung?",342,"204","138","16.94","0.71","1",11.5,"2","0","N/A","N/A","N/A","3","N/A","9","N/A","1","Deutsch","1","N/A","N/A","N/A","1","Deutsch","1","N/A","1, 2","Deutsch: r=0.27",0.27,"1, 3, 5","Hier werden beim Interesse sowohl intrisisches Interesse, als auch Wichtigkeit und Nützlichkeit in einem Summenscore erfasst. Noten wurden rekodiert, sodass höhere Werte eine höhere Leistung implizieren."
"35","Trautwein, U., Marsh, H. W., Nagengast, B., Lüdtke, O., Nagy, G., & Jonkmann, K. (2012). Probing for the multiplicative term in modern expectancy–value theory: a latent interaction modeling study. Journal of educational psychology, 104(3), 763. https://doi.org/10.1037/a0027470","1206","Trautwein, Marsh, Nagengast, Lüdtke, Nagy & Jonkmann","2012","1","1","1","Wie gut können Erwartungen und Wertüberzeugungen Schulleistung vorhersagen?",2508,"1397","N/A","19.600000000000001","0.78","1",13,"2","0","N/A","N/A","N/A","2","N/A","12","N/A","1","Mathematik","2","Mathematik: Standardized mathematics achievement (from the Third International Mathematics and Science Study (TIMSS; e.g., Baumert, Bos, & Lehmann, 2000)); Englisch: a shortened
research version of the Test of English as a Foreign Language
(TOEFL)","68","0.88","1","Mathematik","1","N/A","4","Mathematik: χ2=256.35",0.32,"3","Bei der Erfassung von Interesse werden auch attainment value, utility value und Kosten in einem Summenscore miterfasst. Ich bin mir unsicher, ob ich die Ergebniss hier richtig verstanden habe und dementsprechend die richtigen Werte ausgesucht habe."
"36","Trautwein, U., Marsh, H. W., Nagengast, B., Lüdtke, O., Nagy, G., & Jonkmann, K. (2012). Probing for the multiplicative term in modern expectancy–value theory: a latent interaction modeling study. Journal of educational psychology, 104(3), 763. https://doi.org/10.1037/a0027470","1206","Trautwein, Marsh, Nagengast, Lüdtke, Nagy & Jonkmann","2012","1","1","1","Wie gut können Erwartungen und Wertüberzeugungen Schulleistung vorhersagen?",2508,"1397","N/A","19.600000000000001","0.78","1",13,"2","0","N/A","N/A","N/A","2","N/A","12","N/A","1","Englisch","2","Mathematik: Standardized mathematics achievement (from the Third International Mathematics and Science Study (TIMSS; e.g., Baumert, Bos, & Lehmann, 2000)); Englisch: a shortened
research version of the Test of English as a Foreign Language
(TOEFL)","70","0.95","1","Englisch","1","N/A","4","Englisch: χ2= 403.98",0.4,"3","Bei der Erfassung von Interesse werden auch attainment value, utility value und Kosten in einem Summenscore miterfasst. Ich bin mir unsicher, ob ich die Ergebniss hier richtig verstanden habe und dementsprechend die richtigen Werte ausgesucht habe."
"37","Grigg, S., Perera, H. N., McIlveen, P., & Svetleff, Z. (2018). Relations among math self efficacy, interest, intentions, and achievement: A social cognitive perspective. Contemporary Educational Psychology, 53, 73-86. https://doi.org/10.1016/j.cedpsych.2018.01.007","1251","Grigg, Perera, McIlveen & Svetleff","2018","1","1","1","Wir wirken Mathematik-Selbstwirksamkeit, Interesse und Intentionen auf Schulleistungen und wie interagieren diese Faktoren miteinander?",400,"275","N/A","13.14","1.27","3",8,"5","0","N/A","N/A","N/A","3","PISA 2003 index of math interest (Organisation for Economic Cooperation & Development, 2005)","4","MZP 1: α = 0.935; MZP 2: α = 0.955","1","Mathematik","1","National Assessment Program in Literacy and Numeracy (NAPLAN) (Australien)","N/A","N/A","1","Mathematik","2","6","2","Note: β=0.000",0.05,"1, 4, 5","Hier sind die Informationen nicht detailliert genug um sicher rückschließen zu können, ob es sich um affektives oder wertbezogenes Interesse handelt."
"38","Grigg, S., Perera, H. N., McIlveen, P., & Svetleff, Z. (2018). Relations among math self efficacy, interest, intentions, and achievement: A social cognitive perspective. Contemporary Educational Psychology, 53, 73-86. https://doi.org/10.1016/j.cedpsych.2018.01.007","1251","Grigg, Perera, McIlveen & Svetleff","2018","1","1","1","Wir wirken Mathematik-Selbstwirksamkeit, Interesse und Intentionen auf Schulleistungen und wie interagieren diese Faktoren miteinander?",400,"275","N/A","13.14","1.27","3",8,"5","0","N/A","N/A","N/A","3","PISA 2003 index of math interest (Organisation for Economic Cooperation & Development, 2005)","4","MZP 1: α = 0.935; MZP 2: α = 0.955","1","Mathematik","2","National Assessment Program in Literacy and Numeracy (NAPLAN) (Australien)","N/A","N/A","1","Mathematik","2","6","2","Standardisierter Wissenstest: β=0.000",0.05,"1, 4, 5","Hier sind die Informationen nicht detailliert genug um sicher rückschließen zu können, ob es sich um affektives oder wertbezogenes Interesse handelt."
"39","Valtin, R., Wagner, C., & Schwippert, K. (2005). Schülerinnen und Schüler am Ende der vierten Klasse – schulische Leistungen, lernbezogene Einstellungen und außerschulische Lernbedingungen. In IGLU. Vertiefende Analysen zu Leseverständnis, Rahmenbedingungen und Zusatzstudien (pp. 187-238). Waxmann. https://doi.org/10.25656/01:14842","1339","Valtin, Wagner & Schwippert","2005","6","2","N/A","Welche schulischen Leistungen, lernbezogenen Einstellungen und außerschulische Bedingungen haben Kinder am Ende der 4. Klasse? Welche Unterschiede gibt es zwischen Mädchen und Jungen?",7633,"3785","3810","N/A","N/A","1",4,"1","0","N/A","N/A","N/A","3","N/A","6","N/A","1","Deutsch (Lesen)","1","Noten","N/A","N/A","1","Deutsch","1","N/A","1","InteresseDeutsch (Lesen nicht langweilig) + NoteDeutsch: r=-.22***",0.22,"3","Anmerkung: Noten wurden so kodiert, dass niedrige Werte besser sind. 
Problem: Korrelationen zwischen einzelnen Interessens-Items und Test- bzw. Schulleistung wird nur selektiv berichtet (wenn signifikant), die mittlere Effektgröße lässt sich so nicht richtig abschätzen;
außerdem ist unklar, ob gesamte Stichprobe oder nur ein Teil (bzw. wenn ja, welcher) an diesem Teil der Befragung teilgenommen hat"
"40","Valtin, R., Wagner, C., & Schwippert, K. (2005). Schülerinnen und Schüler am Ende der vierten Klasse – schulische Leistungen, lernbezogene Einstellungen und außerschulische Lernbedingungen. In IGLU. Vertiefende Analysen zu Leseverständnis, Rahmenbedingungen und Zusatzstudien (pp. 187-238). Waxmann. https://doi.org/10.25656/01:14842","1339","Valtin, Wagner & Schwippert","2005","6","2","N/A","Welche schulischen Leistungen, lernbezogenen Einstellungen und außerschulische Bedingungen haben Kinder am Ende der 4. Klasse? Welche Unterschiede gibt es zwischen Mädchen und Jungen?",7633,"3785","3810","N/A","N/A","1",4,"1","0","N/A","N/A","N/A","3","N/A","6","N/A","1","Deutsch (Lesen)","2","IGLU-Leistungstests (Bos, Lankes, Prenzel et al., 2003)","N/A","N/A","1","Lesen","1","N/A","1","InteresseDeutsch (Lesen nicht langweilig) + TestDeutsch: r=.25***",0.25,"3","Anmerkung: Noten wurden so kodiert, dass niedrige Werte besser sind. 
Problem: Korrelationen zwischen einzelnen Interessens-Items und Test- bzw. Schulleistung wird nur selektiv berichtet (wenn signifikant), die mittlere Effektgröße lässt sich so nicht richtig abschätzen;
außerdem ist unklar, ob gesamte Stichprobe oder nur ein Teil (bzw. wenn ja, welcher) an diesem Teil der Befragung teilgenommen hat"
"41","Valtin, R., Wagner, C., & Schwippert, K. (2005). Schülerinnen und Schüler am Ende der vierten Klasse – schulische Leistungen, lernbezogene Einstellungen und außerschulische Lernbedingungen. In IGLU. Vertiefende Analysen zu Leseverständnis, Rahmenbedingungen und Zusatzstudien (pp. 187-238). Waxmann. https://doi.org/10.25656/01:14842","1339","Valtin, Wagner & Schwippert","2005","6","2","N/A","Welche schulischen Leistungen, lernbezogenen Einstellungen und außerschulische Bedingungen haben Kinder am Ende der 4. Klasse? Welche Unterschiede gibt es zwischen Mädchen und Jungen?",7633,"3785","3810","N/A","N/A","1",4,"1","0","N/A","N/A","N/A","3","N/A","3","N/A","1","Mathematik","1","Noten","N/A","N/A","1","Mathematik","1","N/A","1","InteresseMathematik (Mathematik nicht langweilig) + NoteMathematik: r=-.27***",0.27,"3","Anmerkung: Noten wurden so kodiert, dass niedrige Werte besser sind. 
Problem: Korrelationen zwischen einzelnen Interessens-Items und Test- bzw. Schulleistung wird nur selektiv berichtet (wenn signifikant), die mittlere Effektgröße lässt sich so nicht richtig abschätzen;
außerdem ist unklar, ob gesamte Stichprobe oder nur ein Teil (bzw. wenn ja, welcher) an diesem Teil der Befragung teilgenommen hat"
"42","Valtin, R., Wagner, C., & Schwippert, K. (2005). Schülerinnen und Schüler am Ende der vierten Klasse – schulische Leistungen, lernbezogene Einstellungen und außerschulische Lernbedingungen. In IGLU. Vertiefende Analysen zu Leseverständnis, Rahmenbedingungen und Zusatzstudien (pp. 187-238). Waxmann. https://doi.org/10.25656/01:14842","1339","Valtin, Wagner & Schwippert","2005","6","2","N/A","Welche schulischen Leistungen, lernbezogenen Einstellungen und außerschulische Bedingungen haben Kinder am Ende der 4. Klasse? Welche Unterschiede gibt es zwischen Mädchen und Jungen?",7633,"3785","3810","N/A","N/A","1",4,"1","0","N/A","N/A","N/A","3","N/A","3","N/A","1","Mathematik","2","IGLU-Leistungstests (Bos, Lankes, Prenzel et al., 2003)","N/A","N/A","1","Mathematik","1","N/A","1","InteresseMathematik (Mathematik nicht langweilig) + TestMathematik: r=.19***",0.19,"3","Anmerkung: Noten wurden so kodiert, dass niedrige Werte besser sind. 
Problem: Korrelationen zwischen einzelnen Interessens-Items und Test- bzw. Schulleistung wird nur selektiv berichtet (wenn signifikant), die mittlere Effektgröße lässt sich so nicht richtig abschätzen;
außerdem ist unklar, ob gesamte Stichprobe oder nur ein Teil (bzw. wenn ja, welcher) an diesem Teil der Befragung teilgenommen hat"
"43","Valtin, R., Wagner, C., & Schwippert, K. (2005). Schülerinnen und Schüler am Ende der vierten Klasse – schulische Leistungen, lernbezogene Einstellungen und außerschulische Lernbedingungen. In IGLU. Vertiefende Analysen zu Leseverständnis, Rahmenbedingungen und Zusatzstudien (pp. 187-238). Waxmann. https://doi.org/10.25656/01:14842","1339","Valtin, Wagner & Schwippert","2005","6","2","N/A","Welche schulischen Leistungen, lernbezogenen Einstellungen und außerschulische Bedingungen haben Kinder am Ende der 4. Klasse? Welche Unterschiede gibt es zwischen Mädchen und Jungen?",7633,"3785","3810","N/A","N/A","1",4,"1","0","N/A","N/A","N/A","3","N/A","3","N/A","1","Mathematik","1","Noten","N/A","N/A","1","Mathematik","1","N/A","1","InteresseMathematik (Ich lerne gern Mathematik) + NoteMathematik: r=-.26***",0.26,"3","Anmerkung: Noten wurden so kodiert, dass niedrige Werte besser sind. 
Problem: Korrelationen zwischen einzelnen Interessens-Items und Test- bzw. Schulleistung wird nur selektiv berichtet (wenn signifikant), die mittlere Effektgröße lässt sich so nicht richtig abschätzen;
außerdem ist unklar, ob gesamte Stichprobe oder nur ein Teil (bzw. wenn ja, welcher) an diesem Teil der Befragung teilgenommen hat"
"44","Valtin, R., Wagner, C., & Schwippert, K. (2005). Schülerinnen und Schüler am Ende der vierten Klasse – schulische Leistungen, lernbezogene Einstellungen und außerschulische Lernbedingungen. In IGLU. Vertiefende Analysen zu Leseverständnis, Rahmenbedingungen und Zusatzstudien (pp. 187-238). Waxmann. https://doi.org/10.25656/01:14842","1339","Valtin, Wagner & Schwippert","2005","6","2","N/A","Welche schulischen Leistungen, lernbezogenen Einstellungen und außerschulische Bedingungen haben Kinder am Ende der 4. Klasse? Welche Unterschiede gibt es zwischen Mädchen und Jungen?",7633,"3785","3810","N/A","N/A","1",4,"1","0","N/A","N/A","N/A","3","N/A","3","N/A","1","Mathematik","2","IGLU-Leistungstests (Bos, Lankes, Prenzel et al., 2003)","N/A","N/A","1","Mathematik","1","N/A","1","InteresseMathematik (Ich lerne gern Mathematik) + TestMathematik: r=.11***",0.11,"3","Anmerkung: Noten wurden so kodiert, dass niedrige Werte besser sind. 
Problem: Korrelationen zwischen einzelnen Interessens-Items und Test- bzw. Schulleistung wird nur selektiv berichtet (wenn signifikant), die mittlere Effektgröße lässt sich so nicht richtig abschätzen;
außerdem ist unklar, ob gesamte Stichprobe oder nur ein Teil (bzw. wenn ja, welcher) an diesem Teil der Befragung teilgenommen hat"
"45","Valtin, R., Wagner, C., & Schwippert, K. (2005). Schülerinnen und Schüler am Ende der vierten Klasse – schulische Leistungen, lernbezogene Einstellungen und außerschulische Lernbedingungen. In IGLU. Vertiefende Analysen zu Leseverständnis, Rahmenbedingungen und Zusatzstudien (pp. 187-238). Waxmann. https://doi.org/10.25656/01:14842","1339","Valtin, Wagner & Schwippert","2005","6","2","N/A","Welche schulischen Leistungen, lernbezogenen Einstellungen und außerschulische Bedingungen haben Kinder am Ende der 4. Klasse? Welche Unterschiede gibt es zwischen Mädchen und Jungen?",7633,"3785","3810","N/A","N/A","1",4,"1","0","N/A","N/A","N/A","3","N/A","3","N/A","1","Sachkunde","1","Noten","N/A","N/A","1","Sachkunde","1","N/A","1","InteresseSachkunde (Sachkunde nicht langweilig) + NoteSachkunde: r=-.21",0.21,"3","Anmerkung: Noten wurden so kodiert, dass niedrige Werte besser sind. 
Problem: Korrelationen zwischen einzelnen Interessens-Items und Test- bzw. Schulleistung wird nur selektiv berichtet (wenn signifikant), die mittlere Effektgröße lässt sich so nicht richtig abschätzen;
außerdem ist unklar, ob gesamte Stichprobe oder nur ein Teil (bzw. wenn ja, welcher) an diesem Teil der Befragung teilgenommen hat"
"46","Valtin, R., Wagner, C., & Schwippert, K. (2005). Schülerinnen und Schüler am Ende der vierten Klasse – schulische Leistungen, lernbezogene Einstellungen und außerschulische Lernbedingungen. In IGLU. Vertiefende Analysen zu Leseverständnis, Rahmenbedingungen und Zusatzstudien (pp. 187-238). Waxmann. https://doi.org/10.25656/01:14842","1339","Valtin, Wagner & Schwippert","2005","6","2","N/A","Welche schulischen Leistungen, lernbezogenen Einstellungen und außerschulische Bedingungen haben Kinder am Ende der 4. Klasse? Welche Unterschiede gibt es zwischen Mädchen und Jungen?",7633,"3785","3810","N/A","N/A","1",4,"1","0","N/A","N/A","N/A","3","N/A","3","N/A","1","Sachkunde","2","IGLU-Leistungstests (Bos, Lankes, Prenzel et al., 2003)","N/A","N/A","1","Naturwissenschaften","1","N/A","1","InteresseSachkunde (Sachkunde nicht langweilig) + TestSachkunde: r=.09",0.09,"3","Anmerkung: Noten wurden so kodiert, dass niedrige Werte besser sind. 
Problem: Korrelationen zwischen einzelnen Interessens-Items und Test- bzw. Schulleistung wird nur selektiv berichtet (wenn signifikant), die mittlere Effektgröße lässt sich so nicht richtig abschätzen;
außerdem ist unklar, ob gesamte Stichprobe oder nur ein Teil (bzw. wenn ja, welcher) an diesem Teil der Befragung teilgenommen hat"
"47","Steinmayr, R., & Spinath, B. (2008). Sex differences in school achievement: what are the roles of personality and achievement motivation? European Journal of Personality, 22(3), 185-209. https://doi.org/10.1002/per.676","1363","Steinmayr & Spinath","2008","1","1","1","Welche Variablen tragen zu den Geschlechtsunterschieden in Schulleistungen bei? Welche Rolle spielen Persönlichkeit und motivationale Variablen (u.a. Wert von Deutsch und Mathe)?",204,"204",NA,"16.940000000000001","0.71","1",11.5,"2","0","N/A","102.13","8.9499999999999993","3","N/A","3","0.75","1","Deutsch","1","Noten in Deutsch","N/A","N/A","1","Deutsch","1","N/A","2","NoteDeutsch-Mädchen + InteresseDeutsch-Mädchen 12: β=.30**",0.35,"1, 3, 5","Anmerkung: Noten wurden so kodiert, dass größere Werte besser sind. 
Anmerkung: Interesse wurde als Mittelwert der drei Komponenten Intrinsic Value (""How much do you like doing Math/German""), Importance (""For me, being good in Math/German is not at all/very important"") und Utility (""In general, how useful is what you learn in Math/German"") nach dem Eccles-Modell erfasst.
Problem: Umrechnung der standardisierten Beta-Gewichte in r ist laut psychometrica.de nur möglich, wenn Beta-Gewicht im Wertebereich von -0.5 bis 0.5 liegt, die Beta-Gewichte für Mathematik liegen allerdings außerhalb dieses Wertebereichs, sodass keine Umrechnung möglich ist."
"48","Steinmayr, R., & Spinath, B. (2008). Sex differences in school achievement: what are the roles of personality and achievement motivation? European Journal of Personality, 22(3), 185-209. https://doi.org/10.1002/per.676","1363","Steinmayr & Spinath","2008","1","1","1","Welche Variablen tragen zu den Geschlechtsunterschieden in Schulleistungen bei? Welche Rolle spielen Persönlichkeit und motivationale Variablen (u.a. Wert von Deutsch und Mathe)?",138,NA,"138","16.940000000000001","0.71","1",11.5,"2","0","N/A","107.99","9.1199999999999992","3","N/A","3","0.75","1","Deutsch","1","Noten in Deutsch","N/A","N/A","1","Deutsch","1","N/A","2","NoteDeutsch-Jungen + InteresseDeutsch-Jungen: β=.22*",0.27,"1, 3, 5","Anmerkung: Noten wurden so kodiert, dass größere Werte besser sind. 
Anmerkung: Interesse wurde als Mittelwert der drei Komponenten Intrinsic Value (""How much do you like doing Math/German""), Importance (""For me, being good in Math/German is not at all/very important"") und Utility (""In general, how useful is what you learn in Math/German"") nach dem Eccles-Modell erfasst.
Problem: Umrechnung der standardisierten Beta-Gewichte in r ist laut psychometrica.de nur möglich, wenn Beta-Gewicht im Wertebereich von -0.5 bis 0.5 liegt, die Beta-Gewichte für Mathematik liegen allerdings außerhalb dieses Wertebereichs, sodass keine Umrechnung möglich ist."
"49","Schneider, R., Lotz, C., & Sparfeldt, J. R. (2018). Smart, confident, interested: Contributions of intelligence, self-concept, and interest to elementary school achievement. Learning and Individual Differences, 62, 23-35. https://doi.org/10.1016/j.lindif.2018.01.003","1380","Schneider, Lotz & Sparfeldt","2018","1","1","1","Welche Rolle spielen kognitive (Intelligenz) und motivationale (Selbstkonzept, Interesse) Variablen bei der Vorhersage von Schullleistung in der Grundschule?",253,"N/A","N/A","8.06","0.51","1",2,"1","0","N/A","N/A","N/A","1","Affect self-concept items of the Self Description
Questionnaire I (SDQ I; Marsh, 1992; deutsche Übersetzung Arens,
Trautwein, et al., 2011)","4","ω = .91","1","Mathematik","1","Noten in Mathematik","N/A","N/A","1","Mathematik","1","N/A","4","InteresseMathematik Klasse 2 + NoteMathematik Klasse 2: r=.29*",0.29,"1, 3, 4, 5","Anmerkung: Noten wurden so kodiert, dass größere Werte besser sind."
"50","Schneider, R., Lotz, C., & Sparfeldt, J. R. (2018). Smart, confident, interested: Contributions of intelligence, self-concept, and interest to elementary school achievement. Learning and Individual Differences, 62, 23-35. https://doi.org/10.1016/j.lindif.2018.01.003","1380","Schneider, Lotz & Sparfeldt","2018","1","1","1","Welche Rolle spielen kognitive (Intelligenz) und motivationale (Selbstkonzept, Interesse) Variablen bei der Vorhersage von Schullleistung in der Grundschule?",321,"N/A","N/A","9.0399999999999991","0.47","1",3,"1","0","N/A","N/A","N/A","1","Affect self-concept items of the Self Description
Questionnaire I (SDQ I; Marsh, 1992; deutsche Übersetzung Arens,
Trautwein, et al., 2011)","4","ω = .94","1","Mathematik","1","Noten in Mathematik","N/A","N/A","1","Mathematik","1","N/A","4","InteresseMathematik Klasse 3 + NoteMathematik Klasse 3: r=.31*",0.31,"1, 3, 4, 5","Anmerkung: Noten wurden so kodiert, dass größere Werte besser sind."
"51","Schneider, R., Lotz, C., & Sparfeldt, J. R. (2018). Smart, confident, interested: Contributions of intelligence, self-concept, and interest to elementary school achievement. Learning and Individual Differences, 62, 23-35. https://doi.org/10.1016/j.lindif.2018.01.003","1380","Schneider, Lotz & Sparfeldt","2018","1","1","1","Welche Rolle spielen kognitive (Intelligenz) und motivationale (Selbstkonzept, Interesse) Variablen bei der Vorhersage von Schullleistung in der Grundschule?",284,"N/A","N/A","10.06","0.5","1",4,"1","0","N/A","N/A","N/A","1","Affect self-concept items of the Self Description
Questionnaire I (SDQ I; Marsh, 1992; deutsche Übersetzung Arens,
Trautwein, et al., 2011)","4","ω = .94","1","Mathematik","1","Noten in Mathematik","N/A","N/A","1","Mathematik","1","N/A","4","InteresseMathematik Klasse 4 + NoteMathematik Klasse 4: r=.34*",0.34,"1, 3, 4, 5","Anmerkung: Noten wurden so kodiert, dass größere Werte besser sind."
"52","Schneider, R., Lotz, C., & Sparfeldt, J. R. (2018). Smart, confident, interested: Contributions of intelligence, self-concept, and interest to elementary school achievement. Learning and Individual Differences, 62, 23-35. https://doi.org/10.1016/j.lindif.2018.01.003","1380","Schneider, Lotz & Sparfeldt","2018","1","1","1","Welche Rolle spielen kognitive (Intelligenz) und motivationale (Selbstkonzept, Interesse) Variablen bei der Vorhersage von Schullleistung in der Grundschule?",253,"N/A","N/A","8.06","0.51","1",2,"1","0","N/A","N/A","N/A","1","Affect self-concept items of the Self Description
Questionnaire I (SDQ I; Marsh, 1992; deutsche Übersetzung Arens,
Trautwein, et al., 2011)","4","ω = .87","1","Deutsch (Lesen)","1","Noten in Deutsch","N/A","N/A","1","Deutsch","1","N/A","4","InteresseDeutsch Klasse 2 + NoteDeutsch Klasse 2: r=.11*",0.11,"1, 3, 4, 5","Anmerkung: Noten wurden so kodiert, dass größere Werte besser sind."
"53","Schneider, R., Lotz, C., & Sparfeldt, J. R. (2018). Smart, confident, interested: Contributions of intelligence, self-concept, and interest to elementary school achievement. Learning and Individual Differences, 62, 23-35. https://doi.org/10.1016/j.lindif.2018.01.003","1380","Schneider, Lotz & Sparfeldt","2018","1","1","1","Welche Rolle spielen kognitive (Intelligenz) und motivationale (Selbstkonzept, Interesse) Variablen bei der Vorhersage von Schullleistung in der Grundschule?",321,"N/A","N/A","9.0399999999999991","0.47","1",3,"1","0","N/A","N/A","N/A","1","Affect self-concept items of the Self Description
Questionnaire I (SDQ I; Marsh, 1992; deutsche Übersetzung Arens,
Trautwein, et al., 2011)","4","ω = .91","1","Deutsch (Lesen)","1","Noten in Deutsch","N/A","N/A","1","Deutsch","1","N/A","4","InteresseDeutsch Klasse 3 + NoteDeutsch Klasse 3: r=.22*",0.22,"1, 3, 4, 5","Anmerkung: Noten wurden so kodiert, dass größere Werte besser sind."
"54","Schneider, R., Lotz, C., & Sparfeldt, J. R. (2018). Smart, confident, interested: Contributions of intelligence, self-concept, and interest to elementary school achievement. Learning and Individual Differences, 62, 23-35. https://doi.org/10.1016/j.lindif.2018.01.003","1380","Schneider, Lotz & Sparfeldt","2018","1","1","1","Welche Rolle spielen kognitive (Intelligenz) und motivationale (Selbstkonzept, Interesse) Variablen bei der Vorhersage von Schullleistung in der Grundschule?",284,"N/A","N/A","10.06","0.5","1",4,"1","0","N/A","N/A","N/A","1","Affect self-concept items of the Self Description
Questionnaire I (SDQ I; Marsh, 1992; deutsche Übersetzung Arens,
Trautwein, et al., 2011)","4","ω = .90","1","Deutsch (Lesen)","1","Noten in Deutsch","N/A","N/A","1","Deutsch","1","N/A","4","InteresseDeutsch Klasse 4 + NoteDeutsch Klasse 4: r=.28*",0.28,"1, 3, 4, 5","Anmerkung: Noten wurden so kodiert, dass größere Werte besser sind."
"55","Pikić Jugović, I. (2017). Students’ gender-related choices and achievement in physics. Center for Educational Policy Studies Journal, 7, 71-95. https://doi.org/10.26529/cepsj.170","1428","Pikić Jugović","2017","1","1","1","Welche Rolle spielen Motivation (u.a. Interesse), Geschlechtsrollen und Stereotype bei Wahlentscheidungen und der Schulleistung im Fach Physik?",439,"439",NA,"N/A","N/A","3",11,"2","0","N/A","N/A","N/A","3","N/A","5","0.85","1","Physik","1","Note in Physik","1","N/A","1","Physik","1","N/A","1","InterestMädchen + NoteMädchen: r=.38***",0.38,"2","Anmerkung: Noten wurden so kodiert, dass größere Werte besser sind. 
Anmerkung: ""third-year general grammar school"" in Kroatien entspricht 11. Klasse Gymnasium in Deutschland
Anmerkung: Interesse wurde in Anlehnung an das Eccles-Modell mit den Skalen Interest (z.B. ""How interested are you in learning physics?""), Attainment Value (z.B. ""How important is it to you personally to get good grades in physics?"") und Utility Value (z.B. ""To what extent will what you learn in physics be useful for enrolling in the university course of your choice?"") erfasst. Korrelationen werden für alle Skalen einzeln berichtet."
"56","Pikić Jugović, I. (2017). Students’ gender-related choices and achievement in physics. Center for Educational Policy Studies Journal, 7, 71-95. https://doi.org/10.26529/cepsj.170","1428","Pikić Jugović","2017","1","1","1","Welche Rolle spielen Motivation (u.a. Interesse), Geschlechtsrollen und Stereotype bei Wahlentscheidungen und der Schulleistung im Fach Physik?",439,"439",NA,"N/A","N/A","3",11,"2","0","N/A","N/A","N/A","3","N/A","5","0.85","1","Physik","1","Note in Physik","1","N/A","1","Physik","1","N/A","1","Attainment-ValueMädchen + NoteMädchen: r=.46***",0.46,"2","Anmerkung: Noten wurden so kodiert, dass größere Werte besser sind. 
Anmerkung: ""third-year general grammar school"" in Kroatien entspricht 11. Klasse Gymnasium in Deutschland
Anmerkung: Interesse wurde in Anlehnung an das Eccles-Modell mit den Skalen Interest (z.B. ""How interested are you in learning physics?""), Attainment Value (z.B. ""How important is it to you personally to get good grades in physics?"") und Utility Value (z.B. ""To what extent will what you learn in physics be useful for enrolling in the university course of your choice?"") erfasst. Korrelationen werden für alle Skalen einzeln berichtet."
"57","Pikić Jugović, I. (2017). Students’ gender-related choices and achievement in physics. Center for Educational Policy Studies Journal, 7, 71-95. https://doi.org/10.26529/cepsj.170","1428","Pikić Jugović","2017","1","1","1","Welche Rolle spielen Motivation (u.a. Interesse), Geschlechtsrollen und Stereotype bei Wahlentscheidungen und der Schulleistung im Fach Physik?",439,"439",NA,"N/A","N/A","3",11,"2","0","N/A","N/A","N/A","3","N/A","5","0.94","1","Physik","1","Note in Physik","1","N/A","1","Physik","1","N/A","1","Utility-ValueMädchen + NoteMädchen: r=.30***",0.3,"2","Anmerkung: Noten wurden so kodiert, dass größere Werte besser sind. 
Anmerkung: ""third-year general grammar school"" in Kroatien entspricht 11. Klasse Gymnasium in Deutschland
Anmerkung: Interesse wurde in Anlehnung an das Eccles-Modell mit den Skalen Interest (z.B. ""How interested are you in learning physics?""), Attainment Value (z.B. ""How important is it to you personally to get good grades in physics?"") und Utility Value (z.B. ""To what extent will what you learn in physics be useful for enrolling in the university course of your choice?"") erfasst. Korrelationen werden für alle Skalen einzeln berichtet."
"58","Pikić Jugović, I. (2017). Students’ gender-related choices and achievement in physics. Center for Educational Policy Studies Journal, 7, 71-95. https://doi.org/10.26529/cepsj.170","1428","Pikić Jugović","2017","1","1","1","Welche Rolle spielen Motivation (u.a. Interesse), Geschlechtsrollen und Stereotype bei Wahlentscheidungen und der Schulleistung im Fach Physik?",297,NA,"297","N/A","N/A","3",11,"2","0","N/A","N/A","N/A","3","N/A","5","0.85","1","Physik","1","Note in Physik","1","N/A","1","Physik","1","N/A","1","InterestJungen + NoteJungen: r=.31***",0.31,"2","Anmerkung: Noten wurden so kodiert, dass größere Werte besser sind. 
Anmerkung: ""third-year general grammar school"" in Kroatien entspricht 11. Klasse Gymnasium in Deutschland
Anmerkung: Interesse wurde in Anlehnung an das Eccles-Modell mit den Skalen Interest (z.B. ""How interested are you in learning physics?""), Attainment Value (z.B. ""How important is it to you personally to get good grades in physics?"") und Utility Value (z.B. ""To what extent will what you learn in physics be useful for enrolling in the university course of your choice?"") erfasst. Korrelationen werden für alle Skalen einzeln berichtet."
"59","Pikić Jugović, I. (2017). Students’ gender-related choices and achievement in physics. Center for Educational Policy Studies Journal, 7, 71-95. https://doi.org/10.26529/cepsj.170","1428","Pikić Jugović","2017","1","1","1","Welche Rolle spielen Motivation (u.a. Interesse), Geschlechtsrollen und Stereotype bei Wahlentscheidungen und der Schulleistung im Fach Physik?",297,NA,"297","N/A","N/A","3",11,"2","0","N/A","N/A","N/A","3","N/A","5","0.85","1","Physik","1","Note in Physik","1","N/A","1","Physik","1","N/A","1","Attainment-ValueJungen + NoteJungen: r=.31***",0.31,"2","Anmerkung: Noten wurden so kodiert, dass größere Werte besser sind. 
Anmerkung: ""third-year general grammar school"" in Kroatien entspricht 11. Klasse Gymnasium in Deutschland
Anmerkung: Interesse wurde in Anlehnung an das Eccles-Modell mit den Skalen Interest (z.B. ""How interested are you in learning physics?""), Attainment Value (z.B. ""How important is it to you personally to get good grades in physics?"") und Utility Value (z.B. ""To what extent will what you learn in physics be useful for enrolling in the university course of your choice?"") erfasst. Korrelationen werden für alle Skalen einzeln berichtet."
"60","Pikić Jugović, I. (2017). Students’ gender-related choices and achievement in physics. Center for Educational Policy Studies Journal, 7, 71-95. https://doi.org/10.26529/cepsj.170","1428","Pikić Jugović","2017","1","1","1","Welche Rolle spielen Motivation (u.a. Interesse), Geschlechtsrollen und Stereotype bei Wahlentscheidungen und der Schulleistung im Fach Physik?",297,NA,"297","N/A","N/A","3",11,"2","0","N/A","N/A","N/A","3","N/A","5","0.94","1","Physik","1","Note in Physik","1","N/A","1","Physik","1","N/A","1","Utility-ValueJungen + NoteJungen: r=.24***",0.24,"2","Anmerkung: Noten wurden so kodiert, dass größere Werte besser sind. 
Anmerkung: ""third-year general grammar school"" in Kroatien entspricht 11. Klasse Gymnasium in Deutschland
Anmerkung: Interesse wurde in Anlehnung an das Eccles-Modell mit den Skalen Interest (z.B. ""How interested are you in learning physics?""), Attainment Value (z.B. ""How important is it to you personally to get good grades in physics?"") und Utility Value (z.B. ""To what extent will what you learn in physics be useful for enrolling in the university course of your choice?"") erfasst. Korrelationen werden für alle Skalen einzeln berichtet."
"61","Habók, A., & Magyar, A. (2018). The effect of language learning strategies on proficiency, attitudes and school achievement [Original Research]. Frontiers in Psychology, 8. https://doi.org/10.3389/fpsyg.2017.02358","1530","Habók & Magyar","2018","1","1","1","Welchen Einfluss haben Sprachlernstrategien auf Leistung und Einstellung zur Fremdsprache?",450,"N/A","N/A","N/A","N/A","3",5,"5","0","N/A","N/A","N/A","N/A","N/A","N/A","N/A","1","Fremdsprache","1","Note in Fremdsprache","1","N/A","1","Fremdsprache","1","N/A","4","EinstellungKlasse 5 + NoteKlasse 5: r=.37***",0.37,"1, 5","Anmerkung: Noten wurden so kodiert, dass größere Werte besser sind. 
Anmerkung: Art der Erfassung der Einstellung (Formulierung der Items) zur Fremdsprache wird nicht berichtet (""the children were asked to self-report their foreign language attitude""). Eine Klassifizierung als affektiv, wertbezogen oder beides ist dementsprechend nicht möglich.
Anmerkung: Für Klasse 8 wird keine Korrelation zwischen Einstellung und Note berichtet, sondern nur für Klasse 5 (In den SEM auf Seite 6 bzw. 7 werden lediglich Pfadkoeffizienten angegeben; für Klasse 5: .33 und für Klasse 8: .34)."
"62","Arens, A. K. (2019). Wertfacetten im Grundschulalter in drei Fächern: Differenzierung, Entwicklung, Geschlechtseffekte und Zusammenhänge zu Noten. Zeitschrift für Pädagogische Psychologie.","1791","Arens","2019","1","2","1","Erwartungs X Wert Theorie im Schulkontext. Verlauf von intrisichem Wert und Wichtigkeit, Rolle für Noten.",2317,"1118","1199","N/A","N/A","1",3,"1 (100%)","0","N/A","N/A","N/A","1","N/A","2","0.851","1","Mathematik","1","Schulnoten","N/A","N/A","1","Mathematik","3","6","4","Mathematik: r = .23",0.23,"1, 3, 5","Drei Messzeitpunkte und keine bivariaten Korrelationen reported"
"63","Arens, A. K. (2019). Wertfacetten im Grundschulalter in drei Fächern: Differenzierung, Entwicklung, Geschlechtseffekte und Zusammenhänge zu Noten. Zeitschrift für Pädagogische Psychologie.","1791","Arens","2019","1","2","1","Erwartungs X Wert Theorie im Schulkontext. Verlauf von intrisichem Wert und Wichtigkeit, Rolle für Noten.",2317,"1118","1199","N/A","N/A","1",4,"1 (100%)","0","N/A","N/A","N/A","1","N/A","2","0.851","1","Mathematik","1","Schulnoten","N/A","N/A","1","Mathematik","3","6","4","Mathematik: r = .28",0.28,"1, 3, 5","Drei Messzeitpunkte und keine bivariaten Korrelationen reported"
"64","Arens, A. K. (2019). Wertfacetten im Grundschulalter in drei Fächern: Differenzierung, Entwicklung, Geschlechtseffekte und Zusammenhänge zu Noten. Zeitschrift für Pädagogische Psychologie.","1791","Arens","2019","1","2","1","Erwartungs X Wert Theorie im Schulkontext. Verlauf von intrisichem Wert und Wichtigkeit, Rolle für Noten.",2317,"1118","1199","N/A","N/A","1",4,"1 (100%)","0","N/A","N/A","N/A","1","N/A","2","0.851","1","Mathematik","1","Schulnoten","N/A","N/A","1","Mathematik","3","6","4","Mathematik: r = .33",0.33,"1, 3, 5","Drei Messzeitpunkte und keine bivariaten Korrelationen reported"
"65","Arens, A. K. (2019). Wertfacetten im Grundschulalter in drei Fächern: Differenzierung, Entwicklung, Geschlechtseffekte und Zusammenhänge zu Noten. Zeitschrift für Pädagogische Psychologie.","1791","Arens","2019","1","2","1","Erwartungs X Wert Theorie im Schulkontext. Verlauf von intrisichem Wert und Wichtigkeit, Rolle für Noten.",2317,"1118","1199","N/A","N/A","1",3,"1 (100%)","0","N/A","N/A","N/A","1","N/A","2","0.851","1","Deutsch","1","Schulnoten","N/A","N/A","1","Deutsch","3","6","4","Deutsch: r = .19",0.19,"1, 3, 5","Drei Messzeitpunkte und keine bivariaten Korrelationen reported"
"66","Arens, A. K. (2019). Wertfacetten im Grundschulalter in drei Fächern: Differenzierung, Entwicklung, Geschlechtseffekte und Zusammenhänge zu Noten. Zeitschrift für Pädagogische Psychologie.","1791","Arens","2019","1","2","1","Erwartungs X Wert Theorie im Schulkontext. Verlauf von intrisichem Wert und Wichtigkeit, Rolle für Noten.",2317,"1118","1199","N/A","N/A","1",4,"1 (100%)","0","N/A","N/A","N/A","1","N/A","2","0.851","1","Deutsch","1","Schulnoten","N/A","N/A","1","Deutsch","3","6","4","Deutsch: r = .22",0.22,"1, 3, 5","Drei Messzeitpunkte und keine bivariaten Korrelationen reported"
"67","Arens, A. K. (2019). Wertfacetten im Grundschulalter in drei Fächern: Differenzierung, Entwicklung, Geschlechtseffekte und Zusammenhänge zu Noten. Zeitschrift für Pädagogische Psychologie.","1791","Arens","2019","1","2","1","Erwartungs X Wert Theorie im Schulkontext. Verlauf von intrisichem Wert und Wichtigkeit, Rolle für Noten.",2317,"1118","1199","N/A","N/A","1",4,"1 (100%)","0","N/A","N/A","N/A","1","N/A","2","0.851","1","Deutsch","1","Schulnoten","N/A","N/A","1","Deutsch","3","6","4","Deutsch: r = .21",0.21,"1, 3, 5","Drei Messzeitpunkte und keine bivariaten Korrelationen reported"
"68","Arens, A. K. (2019). Wertfacetten im Grundschulalter in drei Fächern: Differenzierung, Entwicklung, Geschlechtseffekte und Zusammenhänge zu Noten. Zeitschrift für Pädagogische Psychologie.","1791","Arens","2019","1","2","1","Erwartungs X Wert Theorie im Schulkontext. Verlauf von intrisichem Wert und Wichtigkeit, Rolle für Noten.",2317,"1118","1199","N/A","N/A","1",3,"1 (100%)","0","N/A","N/A","N/A","1","N/A","2","0.851","1","Sachunterricht","1","Schulnoten","N/A","N/A","1","Sachunterricht","3","6","4","Sachunterricht: r = .22",0.22,"1, 3, 5","Drei Messzeitpunkte und keine bivariaten Korrelationen reported"
"69","Arens, A. K. (2019). Wertfacetten im Grundschulalter in drei Fächern: Differenzierung, Entwicklung, Geschlechtseffekte und Zusammenhänge zu Noten. Zeitschrift für Pädagogische Psychologie.","1791","Arens","2019","1","2","1","Erwartungs X Wert Theorie im Schulkontext. Verlauf von intrisichem Wert und Wichtigkeit, Rolle für Noten.",2317,"1118","1199","N/A","N/A","1",4,"1 (100%)","0","N/A","N/A","N/A","1","N/A","2","0.851","1","Sachunterricht","1","Schulnoten","N/A","N/A","1","Sachunterricht","3","6","4","Sachunterricht: r = .26",0.26,"1, 3, 5","Drei Messzeitpunkte und keine bivariaten Korrelationen reported"
"70","Arens, A. K. (2019). Wertfacetten im Grundschulalter in drei Fächern: Differenzierung, Entwicklung, Geschlechtseffekte und Zusammenhänge zu Noten. Zeitschrift für Pädagogische Psychologie.","1791","Arens","2019","1","2","1","Erwartungs X Wert Theorie im Schulkontext. Verlauf von intrisichem Wert und Wichtigkeit, Rolle für Noten.",2317,"1118","1199","N/A","N/A","1",4,"1 (100%)","0","N/A","N/A","N/A","1","N/A","2","0.851","1","Sachunterricht","1","Schulnoten","N/A","N/A","1","Sachunterricht","3","6","4","Sachunterricht: r = .27",0.27,"1, 3, 5","Drei Messzeitpunkte und keine bivariaten Korrelationen reported"
"71","Retelsdorf, J., Zimmermann, F., Südkamp, A., & Köller, O. (Eds.). (2017). Im Blickpunkt pädagogisch-psychologischer Forschung: Selbstbezogene Kognitionen, sprachliche Kompetenzen und Professionalisierung von Lehrkräften. Festschrift für Jens Möller. Waxmann Verlag.","1781","Pohlmann, Britta; Streblow, Lilian; Retelsdorf, Jan; Zimmermann, Friederike; Südkamp, Anna; Köller, Olaf","2017","5","2","1","Untersuchung des Zusammenhangs zwischen Motivationalen Einstellungen und Leistung",2391,"N/A","N/A","N/A","N/A","1",12,"2","0","N/A","N/A","N/A","3","N/A","10",".78","1","Mathematik","1","Noten","N/A","N/A","1","Mathematik","2","N/A","1, 2, 4","Mathmatik (Noten) - Wert: .44",0.44,"3","Artikel nur unvollständig auf Google Books einsehbar"
"72","Retelsdorf, J., Zimmermann, F., Südkamp, A., & Köller, O. (Eds.). (2017). Im Blickpunkt pädagogisch-psychologischer Forschung: Selbstbezogene Kognitionen, sprachliche Kompetenzen und Professionalisierung von Lehrkräften. Festschrift für Jens Möller. Waxmann Verlag.","1781","Pohlmann, Britta; Streblow, Lilian; Retelsdorf, Jan; Zimmermann, Friederike; Südkamp, Anna; Köller, Olaf","2017","5","2","1","Untersuchung des Zusammenhangs zwischen Motivationalen Einstellungen und Leistung",2391,"N/A","N/A","N/A","N/A","1",12,"2","0","N/A","N/A","N/A","3","N/A","10",".78","1","Mathematik","2","N/A","N/A","N/A","1","Mathematik","2","N/A","1, 2, 4","Mathematik (Test) - Wert: .30, .28 (MZP2)",0.3,"3","Artikel nur unvollständig auf Google Books einsehbar"
"73","Retelsdorf, J., Zimmermann, F., Südkamp, A., & Köller, O. (Eds.). (2017). Im Blickpunkt pädagogisch-psychologischer Forschung: Selbstbezogene Kognitionen, sprachliche Kompetenzen und Professionalisierung von Lehrkräften. Festschrift für Jens Möller. Waxmann Verlag.","1781","Pohlmann, Britta; Streblow, Lilian; Retelsdorf, Jan; Zimmermann, Friederike; Südkamp, Anna; Köller, Olaf","2017","5","2","1","Untersuchung des Zusammenhangs zwischen Motivationalen Einstellungen und Leistung",2391,"N/A","N/A","N/A","N/A","1",12,"2","0","N/A","N/A","N/A","3","N/A","10",".78","1","Englisch","1","Noten","N/A","N/A","1","Englisch","2","N/A","1, 2, 4","Englisch (Noten) - Wert: .39",0.39,"3","Artikel nur unvollständig auf Google Books einsehbar"
"74","Retelsdorf, J., Zimmermann, F., Südkamp, A., & Köller, O. (Eds.). (2017). Im Blickpunkt pädagogisch-psychologischer Forschung: Selbstbezogene Kognitionen, sprachliche Kompetenzen und Professionalisierung von Lehrkräften. Festschrift für Jens Möller. Waxmann Verlag.","1781","Pohlmann, Britta; Streblow, Lilian; Retelsdorf, Jan; Zimmermann, Friederike; Südkamp, Anna; Köller, Olaf","2017","5","2","1","Untersuchung des Zusammenhangs zwischen Motivationalen Einstellungen und Leistung",2391,"N/A","N/A","N/A","N/A","1",12,"2","0","N/A","N/A","N/A","3","N/A","10",".78","1","Englisch","2","N/A","N/A","N/A","1","Englisch","2","N/A","1, 2, 4","Englisch (Test) - Wert: .27, .23 (MZP2)",0.27,"3","Artikel nur unvollständig auf Google Books einsehbar"
"75","Luo, Y.L.L., Kovas, Y., Haworth, C.M.A., & Plomin, R. (2011). The etiology of mathematical self-evaluation and mathematics achievement: Understanding the relationship using a cross-lagged twin study from ages 9 to 12. Learning and Individual Differences, 21, 710-718. https://doi.org/10.1016/j.lindif.2011.09.001","1554","Luo, Kovas, Haworth & Plomin","2011","1","1",NA,"Auf welche genetischen und umweltbedingten Ursprünge sind mathematische Selbsteinschätzungen in der Kindheit und Adoleszenz zurückzuführen?
Worauf sind verzögerte Zusammenhänge zwischen Selbsteinschätzung und mathematischer Leistung zurückzuführen? (S. 711)",1252,NA,NA,"9.02","0.28999999999999998","3",2.5,"1, 4","0",NA,"N/A","N/A","1","N/A","6","N/A","1","Mathematik","1","NC Teacher Assessments","N/A","N/A","1","Mathematik","2","36","1","Mathematical self-evaluation (age 9) + Matheleistung (age 9): r = .34 (n = 1252)",0.34,NA,"Schulleistungsmaß:  Teacher Assessment;
Klassenstufen nicht angegeben (Alter 9 und 12 -> Klassen 1-4 und 5-10)"
"76","Luo, Y.L.L., Kovas, Y., Haworth, C.M.A., & Plomin, R. (2011). The etiology of mathematical self-evaluation and mathematics achievement: Understanding the relationship using a cross-lagged twin study from ages 9 to 12. Learning and Individual Differences, 21, 710-718. https://doi.org/10.1016/j.lindif.2011.09.001","1554","Luo, Kovas, Haworth & Plomin","2011","1","1",NA,"Auf welche genetischen und umweltbedingten Ursprünge sind mathematische Selbsteinschätzungen in der Kindheit und Adoleszenz zurückzuführen?
Worauf sind verzögerte Zusammenhänge zwischen Selbsteinschätzung und mathematischer Leistung zurückzuführen? (S. 711)",829,NA,NA,"11.76","0.32","3",7.5,"1, 4","0",NA,"N/A","N/A","1","N/A","6","N/A","1","Mathematik","1","NC Teacher Assessments","N/A","N/A","1","Mathematik","2","36","1","Mathematical self-evaluation (age 12) + Matheleistung (age 12): r = .35 (n = 829)",0.35,NA,"Schulleistungsmaß:  Teacher Assessment;
Klassenstufen nicht angegeben (Alter 9 und 12 -> Klassen 1-4 und 5-10)"
"77","Weidinger, A.F., Spinath, B., & Steinmayr, R. (2020). The value of valuing math: Longitudinal links between students’ intrinsic, attainment, and utility values and grades in math. Motivation Science, 6(4), 413-422. http://dx.doi.org/10.1037/mot0000179","1701","Weidinger, Spinath & Steinmayr","2020","1","1",NA,"Welcher Zusammenhang besteht zwischen Wertzuschreibungen für das Fach Mathematik und Zeugnisnoten in Mathematik?",476,"244","232","16.43",".55","1",11,"2",NA,NA,"107.679","8.64","3","German Scale for the Assessment of School Related Values (SESSW)","9","angegeben in Mc Donald's Omega","1","Mathematik","1","x","x","x","1","Mathematik","1","N/A","1, 4","Intrinsic Value t11.1 + Math Grade t11.1: r = .57",0.57,"2","Effektgrößen für jeden Messzeitpunkt und Komponente getrennt berichtet"
"78","Weidinger, A.F., Spinath, B., & Steinmayr, R. (2020). The value of valuing math: Longitudinal links between students’ intrinsic, attainment, and utility values and grades in math. Motivation Science, 6(4), 413-422. http://dx.doi.org/10.1037/mot0000179","1701","Weidinger, Spinath & Steinmayr","2020","1","1",NA,"Welcher Zusammenhang besteht zwischen Wertzuschreibungen für das Fach Mathematik und Zeugnisnoten in Mathematik?",476,"244","232",NA,NA,"1",11,"2",NA,NA,"107.679","8.64","3","German Scale for the Assessment of School Related Values (SESSW)","9","angegeben in Mc Donald's Omega","1","Mathematik","1","x","x","x","1","Mathematik","1","N/A","1, 4","Intrinsic Value t11.2 + Math Grade t11.2: r = .53",0.53,"2","Effektgrößen für jeden Messzeitpunkt und Komponente getrennt berichtet"
"79","Weidinger, A.F., Spinath, B., & Steinmayr, R. (2020). The value of valuing math: Longitudinal links between students’ intrinsic, attainment, and utility values and grades in math. Motivation Science, 6(4), 413-422. http://dx.doi.org/10.1037/mot0000179","1701","Weidinger, Spinath & Steinmayr","2020","1","1",NA,"Welcher Zusammenhang besteht zwischen Wertzuschreibungen für das Fach Mathematik und Zeugnisnoten in Mathematik?",476,"244","232",NA,NA,"1",12,"2",NA,NA,"107.679","8.64","3","German Scale for the Assessment of School Related Values (SESSW)","9","angegeben in Mc Donald's Omega","1","Mathematik","1","x","x","x","1","Mathematik","1","N/A","1, 4","Intrinsic Value t12.2 + Math Grade t12.2: r = .58",0.58,"2","Effektgrößen für jeden Messzeitpunkt und Komponente getrennt berichtet"
"80","Weidinger, A.F., Spinath, B., & Steinmayr, R. (2020). The value of valuing math: Longitudinal links between students’ intrinsic, attainment, and utility values and grades in math. Motivation Science, 6(4), 413-422. http://dx.doi.org/10.1037/mot0000179","1701","Weidinger, Spinath & Steinmayr","2020","1","1",NA,"Welcher Zusammenhang besteht zwischen Wertzuschreibungen für das Fach Mathematik und Zeugnisnoten in Mathematik?",476,"244","232",NA,NA,"1",13,"2",NA,NA,"107.679","8.64","3","German Scale for the Assessment of School Related Values (SESSW)","9","angegeben in Mc Donald's Omega","1","Mathematik","1","x","x","x","1","Mathematik","1","N/A","1, 4","Intrinsic Value t13.2 + Math Grade t13.2: r = .61",0.61,"2","Effektgrößen für jeden Messzeitpunkt und Komponente getrennt berichtet"
"81","Weidinger, A.F., Spinath, B., & Steinmayr, R. (2020). The value of valuing math: Longitudinal links between students’ intrinsic, attainment, and utility values and grades in math. Motivation Science, 6(4), 413-422. http://dx.doi.org/10.1037/mot0000179","1701","Weidinger, Spinath & Steinmayr","2020","1","1",NA,"Welcher Zusammenhang besteht zwischen Wertzuschreibungen für das Fach Mathematik und Zeugnisnoten in Mathematik?",476,"244","232","16.43",".55","1",11,"2",NA,NA,"107.679","8.64","3","German Scale for the Assessment of School Related Values (SESSW)","9","angegeben in Mc Donald's Omega","1","Mathematik","1","x","x","x","1","Mathematik","1","N/A","1, 4","Attainment Value t11.1 + Math Grade t11.1: r = .43",0.43,"2","Effektgrößen für jeden Messzeitpunkt und Komponente getrennt berichtet"
"82","Weidinger, A.F., Spinath, B., & Steinmayr, R. (2020). The value of valuing math: Longitudinal links between students’ intrinsic, attainment, and utility values and grades in math. Motivation Science, 6(4), 413-422. http://dx.doi.org/10.1037/mot0000179","1701","Weidinger, Spinath & Steinmayr","2020","1","1",NA,"Welcher Zusammenhang besteht zwischen Wertzuschreibungen für das Fach Mathematik und Zeugnisnoten in Mathematik?",476,"244","232",NA,NA,"1",11,"2",NA,NA,"107.679","8.64","3","German Scale for the Assessment of School Related Values (SESSW)","9","angegeben in Mc Donald's Omega","1","Mathematik","1","x","x","x","1","Mathematik","1","N/A","1, 4","Attainment Value t11.2 + Math Grade t11.2: r = .43",0.43,"2","Effektgrößen für jeden Messzeitpunkt und Komponente getrennt berichtet"
"83","Weidinger, A.F., Spinath, B., & Steinmayr, R. (2020). The value of valuing math: Longitudinal links between students’ intrinsic, attainment, and utility values and grades in math. Motivation Science, 6(4), 413-422. http://dx.doi.org/10.1037/mot0000179","1701","Weidinger, Spinath & Steinmayr","2020","1","1",NA,"Welcher Zusammenhang besteht zwischen Wertzuschreibungen für das Fach Mathematik und Zeugnisnoten in Mathematik?",476,"244","232",NA,NA,"1",12,"2",NA,NA,"107.679","8.64","3","German Scale for the Assessment of School Related Values (SESSW)","9","angegeben in Mc Donald's Omega","1","Mathematik","1","x","x","x","1","Mathematik","1","N/A","1, 4","Attainment Value t12.2 + Math Grade t12.2: r = .54",0.54,"2","Effektgrößen für jeden Messzeitpunkt und Komponente getrennt berichtet"
"84","Weidinger, A.F., Spinath, B., & Steinmayr, R. (2020). The value of valuing math: Longitudinal links between students’ intrinsic, attainment, and utility values and grades in math. Motivation Science, 6(4), 413-422. http://dx.doi.org/10.1037/mot0000179","1701","Weidinger, Spinath & Steinmayr","2020","1","1",NA,"Welcher Zusammenhang besteht zwischen Wertzuschreibungen für das Fach Mathematik und Zeugnisnoten in Mathematik?",476,"244","232",NA,NA,"1",13,"2",NA,NA,"107.679","8.64","3","German Scale for the Assessment of School Related Values (SESSW)","9","angegeben in Mc Donald's Omega","1","Mathematik","1","x","x","x","1","Mathematik","1","N/A","1, 4","Attainment Value t13.2 + Math Grade t13.2: r = .59",0.59,"2","Effektgrößen für jeden Messzeitpunkt und Komponente getrennt berichtet"
"85","Weidinger, A.F., Spinath, B., & Steinmayr, R. (2020). The value of valuing math: Longitudinal links between students’ intrinsic, attainment, and utility values and grades in math. Motivation Science, 6(4), 413-422. http://dx.doi.org/10.1037/mot0000179","1701","Weidinger, Spinath & Steinmayr","2020","1","1",NA,"Welcher Zusammenhang besteht zwischen Wertzuschreibungen für das Fach Mathematik und Zeugnisnoten in Mathematik?",476,"244","232","16.43",".55","1",11,"2",NA,NA,"107.679","8.64","3","German Scale for the Assessment of School Related Values (SESSW)","9","angegeben in Mc Donald's Omega","1","Mathematik","1","x","x","x","1","Mathematik","1","N/A","1, 4","Utility Value t11.1 + Math Grade t11.1: r = .41",0.41,"2","Effektgrößen für jeden Messzeitpunkt und Komponente getrennt berichtet"
"86","Weidinger, A.F., Spinath, B., & Steinmayr, R. (2020). The value of valuing math: Longitudinal links between students’ intrinsic, attainment, and utility values and grades in math. Motivation Science, 6(4), 413-422. http://dx.doi.org/10.1037/mot0000179","1701","Weidinger, Spinath & Steinmayr","2020","1","1",NA,"Welcher Zusammenhang besteht zwischen Wertzuschreibungen für das Fach Mathematik und Zeugnisnoten in Mathematik?",476,"244","232",NA,NA,"1",11,"2",NA,NA,"107.679","8.64","3","German Scale for the Assessment of School Related Values (SESSW)","9","angegeben in Mc Donald's Omega","1","Mathematik","1","x","x","x","1","Mathematik","1","N/A","1, 4","Utility Value t11.2 + Math Grade t11.2: r = .45",0.45,"2","Effektgrößen für jeden Messzeitpunkt und Komponente getrennt berichtet"
"87","Weidinger, A.F., Spinath, B., & Steinmayr, R. (2020). The value of valuing math: Longitudinal links between students’ intrinsic, attainment, and utility values and grades in math. Motivation Science, 6(4), 413-422. http://dx.doi.org/10.1037/mot0000179","1701","Weidinger, Spinath & Steinmayr","2020","1","1",NA,"Welcher Zusammenhang besteht zwischen Wertzuschreibungen für das Fach Mathematik und Zeugnisnoten in Mathematik?",476,"244","232",NA,NA,"1",12,"2",NA,NA,"107.679","8.64","3","German Scale for the Assessment of School Related Values (SESSW)","9","angegeben in Mc Donald's Omega","1","Mathematik","1","x","x","x","1","Mathematik","1","N/A","1, 4","Utility Value t12.2 + Math Grade t12.2: r = .48
",0.48,"2","Effektgrößen für jeden Messzeitpunkt und Komponente getrennt berichtet"
"88","Weidinger, A.F., Spinath, B., & Steinmayr, R. (2020). The value of valuing math: Longitudinal links between students’ intrinsic, attainment, and utility values and grades in math. Motivation Science, 6(4), 413-422. http://dx.doi.org/10.1037/mot0000179","1701","Weidinger, Spinath & Steinmayr","2020","1","1",NA,"Welcher Zusammenhang besteht zwischen Wertzuschreibungen für das Fach Mathematik und Zeugnisnoten in Mathematik?",476,"244","232",NA,NA,"1",13,"2",NA,NA,"107.679","8.64","3","German Scale for the Assessment of School Related Values (SESSW)","9","angegeben in Mc Donald's Omega","1","Mathematik","1","x","x","x","1","Mathematik","1","N/A","1, 4","Utility Value t13.2 + Math Grade t13.2: r = .48",0.48,"2","Effektgrößen für jeden Messzeitpunkt und Komponente getrennt berichtet"
